Date & Time,Predicted Energy Consumption,Actual Energy Consumption
2016-11-27 02:05:00,0.27530286,0.2685762657060321
2016-11-27 02:06:00,0.25340557,0.2425762082232647
2016-11-27 02:07:00,0.2572693,0.2475231795359675
2016-11-27 02:08:00,0.26634306,0.2594341084030353
2016-11-27 02:09:00,0.26475918,0.2563356370666773
2016-11-27 02:10:00,0.26523632,0.25697065165551
2016-11-27 02:11:00,0.2546089,0.2439777941461235
2016-11-27 02:12:00,0.255395,0.2450596462728702
2016-11-27 02:13:00,0.2546079,0.2440457044814916
2016-11-27 02:14:00,0.25444633,0.2439077552566925
2016-11-27 02:15:00,0.25429404,0.2437234809901908
2016-11-27 02:16:00,0.2543841,0.2438903972176643
2016-11-27 02:17:00,0.25281197,0.2418329457230976
2016-11-27 02:18:00,0.25857645,0.2489855601955853
2016-11-27 02:19:00,0.26442966,0.2561777764951171
2016-11-27 02:20:00,0.23842761,0.2251043725483182
2016-11-27 02:21:00,0.18244389,0.17546956331459
2016-11-27 02:22:00,0.18287116,0.1759460888020746
2016-11-27 02:23:00,0.19382372,0.1873237997912621
2016-11-27 02:24:00,0.1844655,0.1780446782503552
2016-11-27 02:25:00,0.18178484,0.1745822530927377
2016-11-27 02:26:00,0.18090442,0.1735198615158186
2016-11-27 02:27:00,0.18159112,0.1743322362588223
2016-11-27 02:28:00,0.18151706,0.1742526877086062
2016-11-27 02:29:00,0.18165773,0.1744373341329023
2016-11-27 02:30:00,0.17719814,0.1686305563518509
2016-11-27 02:31:00,0.17328885,0.1634556653457058
2016-11-27 02:32:00,0.1727964,0.1627761482804683
2016-11-27 02:33:00,0.17305559,0.1631520089251123
2016-11-27 02:34:00,0.17501906,0.1656194174546617
2016-11-27 02:35:00,0.20092258,0.1910719816673888
2016-11-27 02:36:00,0.17319342,0.1633390570657162
2016-11-27 02:37:00,0.17334971,0.163535587764746
2016-11-27 02:38:00,0.17774841,0.1690281470754376
2016-11-27 02:39:00,0.17780486,0.1692256950372
2016-11-27 02:40:00,0.17213944,0.1620496412358862
2016-11-27 02:41:00,0.17190337,0.1617213044851262
2016-11-27 02:42:00,0.17128763,0.1609957173910039
2016-11-27 02:43:00,0.17202768,0.1619115711834232
2016-11-27 02:44:00,0.1711672,0.1607990022792046
2016-11-27 02:45:00,0.17203948,0.1619173631713427
2016-11-27 02:46:00,0.17199084,0.1618553517238014
2016-11-27 02:47:00,0.17123598,0.16091891537847
2016-11-27 02:48:00,0.17184821,0.1616412496206694
2016-11-27 02:49:00,0.1739926,0.164419648709908
2016-11-27 02:50:00,0.19454733,0.1871372156183892
2016-11-27 02:51:00,0.17167166,0.1614001139980125
2016-11-27 02:52:00,0.17209539,0.1619844914479532
2016-11-27 02:53:00,0.1719028,0.1617391951270081
2016-11-27 02:54:00,0.18341127,0.1762656655964626
2016-11-27 02:55:00,0.17247781,0.1624892310867106
2016-11-27 02:56:00,0.17189345,0.1616954959997083
2016-11-27 02:57:00,0.17187068,0.1616952883518593
2016-11-27 02:58:00,0.17231649,0.1622701272952269
2016-11-27 02:59:00,0.16985536,0.1591531322238565
2016-11-27 03:00:00,0.17200986,0.1618825733395239
2016-11-27 03:01:00,0.17202666,0.1618997313592196
2016-11-27 03:02:00,0.1717312,0.1614805022353413
2016-11-27 03:03:00,0.17094374,0.1605028963250024
2016-11-27 03:04:00,0.17357501,0.1638448652294345
2016-11-27 03:05:00,0.2938859,0.2861505286650361
2016-11-27 03:06:00,0.26132956,0.2520545407570123
2016-11-27 03:07:00,0.25855312,0.2488372848978897
2016-11-27 03:08:00,0.25629964,0.246175383835517
2016-11-27 03:09:00,0.26149392,0.252786948721247
2016-11-27 03:10:00,0.2592784,0.2501010576981391
2016-11-27 03:11:00,0.25357944,0.2428846658733177
2016-11-27 03:12:00,0.25299722,0.2421617336290086
2016-11-27 03:13:00,0.2561043,0.2460193245452038
2016-11-27 03:14:00,0.2644477,0.2560274354248766
2016-11-27 03:15:00,0.25685355,0.2468443464004311
2016-11-27 03:16:00,0.25602213,0.2457739480808605
2016-11-27 03:17:00,0.25496086,0.2444422437398704
2016-11-27 03:18:00,0.25576967,0.2455416459424528
2016-11-27 03:19:00,0.25551012,0.2452286732829344
2016-11-27 03:20:00,0.27811328,0.2710424721971889
2016-11-27 03:21:00,0.25486618,0.2444519746058466
2016-11-27 03:22:00,0.25380072,0.2431563701975653
2016-11-27 03:23:00,0.25356585,0.2428160780559806
2016-11-27 03:24:00,0.25456837,0.2442095172805835
2016-11-27 03:25:00,0.26234335,0.2540129906508854
2016-11-27 03:26:00,0.25247434,0.2415146128724931
2016-11-27 03:27:00,0.25269634,0.2417918516479801
2016-11-27 03:28:00,0.256714,0.2466828767663947
2016-11-27 03:29:00,0.23360586,0.2179942588423663
2016-11-27 03:30:00,0.17457917,0.1650920218001466
2016-11-27 03:31:00,0.17990175,0.1721949168094332
2016-11-27 03:32:00,0.17879221,0.1708912400668941
2016-11-27 03:33:00,0.17858532,0.170530160145652
2016-11-27 03:34:00,0.18028107,0.1726956037323815
2016-11-27 03:35:00,0.20400515,0.1935293862027561
2016-11-27 03:36:00,0.1826478,0.1758156844529813
2016-11-27 03:37:00,0.18133941,0.1741463670463232
2016-11-27 03:38:00,0.1809974,0.1736263048257995
2016-11-27 03:39:00,0.18070069,0.1733305626529737
2016-11-27 03:40:00,0.19024193,0.1847899569244349
2016-11-27 03:41:00,0.1834248,0.1767165587661893
2016-11-27 03:42:00,0.1793212,0.1715242177599624
2016-11-27 03:43:00,0.17255667,0.1626121437905662
2016-11-27 03:44:00,0.17287791,0.1630673167439352
2016-11-27 03:45:00,0.17266515,0.1627513457926945
2016-11-27 03:46:00,0.1726254,0.1627267589978073
2016-11-27 03:47:00,0.17204392,0.1619591474835699
2016-11-27 03:48:00,0.1720624,0.1619889191520021
2016-11-27 03:49:00,0.17342153,0.1636950397495024
2016-11-27 03:50:00,0.1966545,0.1884155916456001
2016-11-27 03:51:00,0.17363659,0.1639574345391779
2016-11-27 03:52:00,0.1725089,0.1624749416782245
2016-11-27 03:53:00,0.17207178,0.1619891515579924
2016-11-27 03:54:00,0.17260575,0.1626089914895454
2016-11-27 03:55:00,0.17554629,0.1663748918357133
2016-11-27 03:56:00,0.18145606,0.1738219295832308
2016-11-27 03:57:00,0.17187831,0.1617119569400352
2016-11-27 03:58:00,0.1720021,0.1618704627615775
2016-11-27 03:59:00,0.17234507,0.1623679293883153
2016-11-27 04:00:00,0.17195418,0.1618083505051253
2016-11-27 04:01:00,0.17179751,0.161601001154574
2016-11-27 04:02:00,0.17172322,0.1615001909859052
2016-11-27 04:03:00,0.17134497,0.160967442137203
2016-11-27 04:04:00,0.172687,0.1627021834695704
2016-11-27 04:05:00,0.18994346,0.1841246019260923
2016-11-27 04:06:00,0.17297035,0.1631220982679146
2016-11-27 04:07:00,0.17133662,0.1609591916798896
2016-11-27 04:08:00,0.17183447,0.1616770956831684
2016-11-27 04:09:00,0.17170832,0.1615163159917582
2016-11-27 04:10:00,0.17106485,0.1606006055632092
2016-11-27 04:11:00,0.23967767,0.2259865359336577
2016-11-27 04:12:00,0.2621229,0.253189560025116
2016-11-27 04:13:00,0.25869414,0.2488649102970525
2016-11-27 04:14:00,0.25571865,0.2454011616860652
2016-11-27 04:15:00,0.25467265,0.2442106164896008
2016-11-27 04:16:00,0.25290453,0.241995258920877
2016-11-27 04:17:00,0.25182533,0.2406031854481047
2016-11-27 04:18:00,0.25238982,0.2413575096434048
2016-11-27 04:19:00,0.2527966,0.2419200113744136
2016-11-27 04:20:00,0.2747203,0.2680569468290369
2016-11-27 04:21:00,0.2575198,0.2476590741675411
2016-11-27 04:22:00,0.25590563,0.2456907950729504
2016-11-27 04:23:00,0.25509983,0.2446625203361226
2016-11-27 04:24:00,0.25458205,0.2440402173565432
2016-11-27 04:25:00,0.25353962,0.2427128120217473
2016-11-27 04:26:00,0.26023513,0.2512019169597608
2016-11-27 04:27:00,0.2581758,0.2486492363123414
2016-11-27 04:28:00,0.26183861,0.2527839884795506
2016-11-27 04:29:00,0.4479248,0.4464747204638762
2016-11-27 04:30:00,1.1644876,1.1678508657756856
2016-11-27 04:31:00,1.1627578,1.1661467585631802
2016-11-27 04:32:00,1.1618273,1.1653082990487886
2016-11-27 04:33:00,1.1779966,1.1831563178086422
2016-11-27 04:34:00,1.1558058,1.159429905222746
2016-11-27 04:35:00,0.3367712,0.3302332966121554
2016-11-27 04:36:00,0.3122407,0.3034819653156416
2016-11-27 04:37:00,0.34808278,0.3428118062496737
2016-11-27 04:38:00,0.32214433,0.3144951268527063
2016-11-27 04:39:00,0.3195901,0.3116750659987745
2016-11-27 04:40:00,0.3192767,0.3113324236747288
2016-11-27 04:41:00,0.3165366,0.30845137800231
2016-11-27 04:42:00,0.18672943,0.1806270407894546
2016-11-27 04:43:00,0.17769364,0.1693720805050542
2016-11-27 04:44:00,0.18053797,0.1730516912944726
2016-11-27 04:45:00,0.17945692,0.1716937259170832
2016-11-27 04:46:00,0.17981794,0.172095771579934
2016-11-27 04:47:00,0.17988786,0.1722897533760759
2016-11-27 04:48:00,0.17993823,0.1722912527499265
2016-11-27 04:49:00,0.18077555,0.1733531784860594
2016-11-27 04:50:00,0.20479229,0.1941853629648365
2016-11-27 04:51:00,0.1841186,0.1775476676493681
2016-11-27 04:52:00,0.18026653,0.172715439657321
2016-11-27 04:53:00,0.17964473,0.1719029976425322
2016-11-27 04:54:00,0.17967194,0.1719667010345949
2016-11-27 04:55:00,0.17384633,0.1642569088313188
2016-11-27 04:56:00,0.17183599,0.1616292291932707
2016-11-27 04:57:00,0.1796231,0.1714579310082085
2016-11-27 04:58:00,0.17707303,0.1682237378577541
2016-11-27 04:59:00,0.17130205,0.1609494836926147
2016-11-27 05:00:00,0.17133036,0.1609873764769465
2016-11-27 05:01:00,0.17169857,0.1614616275829829
2016-11-27 05:02:00,0.17512918,0.1660317767791122
2016-11-27 05:03:00,0.1773608,0.1688915060203142
2016-11-27 05:04:00,0.1712304,0.1608559905553257
2016-11-27 05:05:00,0.18752933,0.1813904596017807
2016-11-27 05:06:00,0.17481259,0.1654122181722038
2016-11-27 05:07:00,0.17088464,0.1603657410351669
2016-11-27 05:08:00,0.17088103,0.1603604081594491
2016-11-27 05:09:00,0.17145911,0.1611328234105919
2016-11-27 05:10:00,0.17088726,0.1603680458749532
2016-11-27 05:11:00,0.17206135,0.1618801871964886
2016-11-27 05:12:00,0.17411318,0.1645065745509563
2016-11-27 05:13:00,0.18219414,0.1746555807335052
2016-11-27 05:14:00,0.17126885,0.1608982029938006
2016-11-27 05:15:00,0.22934705,0.2127703698442686
2016-11-27 05:16:00,0.26119405,0.2520052063476454
2016-11-27 05:17:00,0.25929826,0.2497187130044053
2016-11-27 05:18:00,0.25524157,0.2447737257322224
2016-11-27 05:19:00,0.25426492,0.2437098791323461
2016-11-27 05:20:00,0.26782557,0.2616615729708668
2016-11-27 05:21:00,0.2565503,0.2466833537149304
2016-11-27 05:22:00,0.25149477,0.2402480702788716
2016-11-27 05:23:00,0.2506708,0.2391688558332159
2016-11-27 05:24:00,0.25500765,0.2446131533693944
2016-11-27 05:25:00,0.2546975,0.2441043520940682
2016-11-27 05:26:00,0.25511324,0.2446735493123087
2016-11-27 05:27:00,0.25847566,0.2486726856390177
2016-11-27 05:28:00,0.27236712,0.2657435417392523
2016-11-27 05:29:00,0.25903988,0.249607239057626
2016-11-27 05:30:00,0.25244215,0.2413665945965626
2016-11-27 05:31:00,0.25304848,0.2421236206494507
2016-11-27 05:32:00,0.2516832,0.2403786202682935
2016-11-27 05:33:00,0.25232863,0.2412836986965185
2016-11-27 05:34:00,0.25073683,0.2392075348104486
2016-11-27 05:35:00,0.26965022,0.2634474216871649
2016-11-27 05:36:00,0.25501874,0.2448177815127873
2016-11-27 05:37:00,0.25088048,0.2394877092014918
2016-11-27 05:38:00,0.25076348,0.2393438493413226
2016-11-27 05:39:00,0.25011516,0.2385303327926024
2016-11-27 05:40:00,0.24994585,0.2382816067008594
2016-11-27 05:41:00,0.25033885,0.2388179775182479
2016-11-27 05:42:00,0.18114153,0.1731514969789249
2016-11-27 05:43:00,0.17565116,0.1663859572375544
2016-11-27 05:44:00,0.17875841,0.1702758682979464
2016-11-27 05:45:00,0.17084283,0.1603037152124226
2016-11-27 05:46:00,0.17118928,0.1607544341625894
2016-11-27 05:47:00,0.17017227,0.1594869001083576
2016-11-27 05:48:00,0.17132321,0.1609773261862902
2016-11-27 05:49:00,0.2074039,0.1956363736117731
2016-11-27 05:50:00,0.23918304,0.2255787672048628
2016-11-27 05:51:00,0.22836438,0.2140746960959615
2016-11-27 05:52:00,0.22052088,0.2059209536588518
2016-11-27 05:53:00,0.22013223,0.2054591434217227
2016-11-27 05:54:00,0.21992142,0.2052394345674723
2016-11-27 05:55:00,0.22536641,0.2109823469209149
2016-11-27 05:56:00,0.2314591,0.2173062325924216
2016-11-27 05:57:00,0.23058417,0.2164459635561378
2016-11-27 05:58:00,0.22741227,0.2129678888129532
2016-11-27 05:59:00,0.3649094,0.3669587726493925
2016-11-27 06:00:00,0.7002313,0.7015786348127597
2016-11-27 06:01:00,0.3428517,0.3419014450026079
2016-11-27 06:02:00,0.22990906,0.2155641858189492
2016-11-27 06:03:00,0.2308357,0.2166527008004207
2016-11-27 06:04:00,0.22998038,0.2156783704353178
2016-11-27 06:05:00,0.24688481,0.2343017503808576
2016-11-27 06:06:00,0.23870097,0.2249547271033144
2016-11-27 06:07:00,0.22350962,0.2089820750810068
2016-11-27 06:08:00,0.22013122,0.2054690622215341
2016-11-27 06:09:00,0.22038221,0.2058074900330342
2016-11-27 06:10:00,0.2213433,0.2068619763532356
2016-11-27 06:11:00,0.21944822,0.2047346029020985
2016-11-27 06:12:00,0.21937606,0.2046463181957671
2016-11-27 06:13:00,0.21961734,0.2049990912889186
2016-11-27 06:14:00,0.22756201,0.2132641094465567
2016-11-27 06:15:00,0.22665711,0.2123937061990173
2016-11-27 06:16:00,0.22112578,0.2065769196549265
2016-11-27 06:17:00,0.21928182,0.2046649484277208
2016-11-27 06:18:00,0.22002752,0.205412425090833
2016-11-27 06:19:00,0.21955037,0.2049364523866635
2016-11-27 06:20:00,0.23579928,0.2220723468150187
2016-11-27 06:21:00,0.32200012,0.3171325542491452
2016-11-27 06:22:00,0.3050313,0.2960743786093136
2016-11-27 06:23:00,0.257524,0.247539410801872
2016-11-27 06:24:00,0.25469697,0.2441169936636027
2016-11-27 06:25:00,0.25325328,0.2423749240049577
2016-11-27 06:26:00,0.2524011,0.2413244153255749
2016-11-27 06:27:00,0.25193375,0.2407399872784299
2016-11-27 06:28:00,0.28799352,0.2808173807104804
2016-11-27 06:29:00,0.29495645,0.2870070273656868
2016-11-27 06:30:00,0.2807325,0.273900803368701
2016-11-27 06:31:00,0.25719008,0.2472527359402095
2016-11-27 06:32:00,0.25464106,0.2441036606284642
2016-11-27 06:33:00,0.25412455,0.2434776117531368
2016-11-27 06:34:00,0.2590982,0.2495025109755413
2016-11-27 06:35:00,0.30991688,0.3018806054963989
2016-11-27 06:36:00,0.29421708,0.2862523619708007
2016-11-27 06:37:00,0.25289288,0.2419849642748934
2016-11-27 06:38:00,0.2518491,0.2405837696791559
2016-11-27 06:39:00,0.25157782,0.2403043647220009
2016-11-27 06:40:00,0.25083038,0.2393705026208169
2016-11-27 06:41:00,0.25099978,0.2395882138028542
2016-11-27 06:42:00,0.26683676,0.2594321773947312
2016-11-27 06:43:00,0.29101387,0.2834151595401091
2016-11-27 06:44:00,0.29117236,0.2835677580268305
2016-11-27 06:45:00,0.30099273,0.2918207967579164
2016-11-27 06:46:00,0.3035142,0.2943939162855346
2016-11-27 06:47:00,0.30292612,0.293881365808471
2016-11-27 06:48:00,0.24796449,0.2347609000099147
2016-11-27 06:49:00,0.21893477,0.2042374557740973
2016-11-27 06:50:00,0.23265737,0.2186930805028656
2016-11-27 06:51:00,0.2410379,0.2273673352962807
2016-11-27 06:52:00,0.22463769,0.2102323092845082
2016-11-27 06:53:00,0.2193161,0.204615745701434
2016-11-27 06:54:00,0.21976459,0.2051622265439702
2016-11-27 06:55:00,0.22020376,0.2055908069621877
2016-11-27 06:56:00,0.21977064,0.2051754808159312
2016-11-27 06:57:00,0.2207823,0.2062565488762373
2016-11-27 06:58:00,0.22036956,0.2057698412452154
2016-11-27 06:59:00,0.21981072,0.2053012365399949
2016-11-27 07:00:00,0.22422932,0.2098544545693264
2016-11-27 07:01:00,0.23284471,0.2190159188685541
2016-11-27 07:02:00,0.22001654,0.2054174878943275
2016-11-27 07:03:00,0.22130144,0.2067880473691546
2016-11-27 07:04:00,0.22090557,0.2064003585870665
2016-11-27 07:05:00,0.21029326,0.1974721622562757
2016-11-27 07:06:00,0.35282046,0.3486122235366891
2016-11-27 07:07:00,0.4880803,0.4847728819667273
2016-11-27 07:08:00,0.6711493,0.6791444094088787
2016-11-27 07:09:00,0.6710322,0.6790110229542915
2016-11-27 07:10:00,0.6604487,0.6664007800986436
2016-11-27 07:11:00,0.6290114,0.6292574114586166
2016-11-27 07:12:00,0.63408005,0.6351590445448877
2016-11-27 07:13:00,0.63702214,0.6387036090693271
2016-11-27 07:14:00,0.6716436,0.6797378970338489
2016-11-27 07:15:00,0.6626749,0.6690569314111203
2016-11-27 07:16:00,0.63494456,0.6362242753055113
2016-11-27 07:17:00,0.64754415,0.6510789299919562
2016-11-27 07:18:00,0.6478142,0.6512859526110175
2016-11-27 07:19:00,1.427193,1.4895730628350576
2016-11-27 07:20:00,1.1655779,1.194073768865065
2016-11-27 07:21:00,1.489698,1.5502180557508138
2016-11-27 07:22:00,1.2863008,1.3353612015222027
2016-11-27 07:23:00,0.6647897,0.6709308781555604
2016-11-27 07:24:00,0.6627525,0.6684698711771139
2016-11-27 07:25:00,0.6630315,0.6687985892997649
2016-11-27 07:26:00,0.6625116,0.6681853845401704
2016-11-27 07:27:00,0.73269373,0.7485966137800316
2016-11-27 07:28:00,0.7403375,0.7566488157258975
2016-11-27 07:29:00,0.73791015,0.7540795679571612
2016-11-27 07:30:00,0.7349068,0.7509241190949159
2016-11-27 07:31:00,0.73302066,0.7489576724023909
2016-11-27 07:32:00,0.7341348,0.750214206320233
2016-11-27 07:33:00,0.73201334,0.7479101756468299
2016-11-27 07:34:00,0.7315624,0.7474873783692415
2016-11-27 07:35:00,0.7304471,0.7462993917049688
2016-11-27 07:36:00,0.7361257,0.752383724212276
2016-11-27 07:37:00,0.7340013,0.7499089527021805
2016-11-27 07:38:00,0.735276,0.7512878096161775
2016-11-27 07:39:00,0.7330923,0.7489786615898902
2016-11-27 07:40:00,0.73372936,0.7496745723263118
2016-11-27 07:41:00,0.79107714,0.8137291496659441
2016-11-27 07:42:00,0.8031249,0.8266877398312606
2016-11-27 07:43:00,0.80246466,0.8260132715218738
2016-11-27 07:44:00,0.80191815,0.8254401990812681
2016-11-27 07:45:00,0.8016029,0.8251244518155567
2016-11-27 07:46:00,0.8068295,0.8304175180540281
2016-11-27 07:47:00,0.81305784,0.8366412640237215
2016-11-27 07:48:00,0.8064635,0.830289817522107
2016-11-27 07:49:00,0.8039271,0.8277245954897708
2016-11-27 07:50:00,0.8043612,0.8281438949199375
2016-11-27 07:51:00,0.80604625,0.8297105950989782
2016-11-27 07:52:00,0.8011935,0.8248133027845842
2016-11-27 07:53:00,1.3777226,1.4195499734727983
2016-11-27 07:54:00,1.3443104,1.383101863828914
2016-11-27 07:55:00,1.2807285,1.326687217908497
2016-11-27 07:56:00,1.2992588,1.3489136766458127
2016-11-27 07:57:00,1.4950222,1.5545262750329116
2016-11-27 07:58:00,2.7620618,2.479641999796826
2016-11-27 07:59:00,1.3122302,1.3625850015723184
2016-11-27 08:00:00,0.8445098,0.8699469755805466
2016-11-27 08:01:00,0.77062166,0.7933374429254053
2016-11-27 08:02:00,0.7580752,0.7814646374506165
2016-11-27 08:03:00,0.7028975,0.7198150422664843
2016-11-27 08:04:00,0.7019241,0.7184948477231033
2016-11-27 08:05:00,0.7031187,0.7200445102939783
2016-11-27 08:06:00,0.70471025,0.7222411686625843
2016-11-27 08:07:00,0.7015599,0.7180304568615381
2016-11-27 08:08:00,0.70276856,0.7196197781330977
2016-11-27 08:09:00,0.7031275,0.7201487181779576
2016-11-27 08:10:00,0.70432436,0.7217109942443516
2016-11-27 08:11:00,0.70342934,0.7205440760103872
2016-11-27 08:12:00,0.7049004,0.7224130668677601
2016-11-27 08:13:00,0.7059032,0.7236046741764901
2016-11-27 08:14:00,0.7072011,0.7252053875085914
2016-11-27 08:15:00,0.70722574,0.7252422057513461
2016-11-27 08:16:00,0.7055888,0.7232466206557309
2016-11-27 08:17:00,0.70473456,0.7222798096656319
2016-11-27 08:18:00,0.7051164,0.7228983507953356
2016-11-27 08:19:00,0.70568305,0.7234803287586407
2016-11-27 08:20:00,0.7470287,0.7713589191349971
2016-11-27 08:21:00,0.74760675,0.772131819536238
2016-11-27 08:22:00,0.747489,0.7717082488955112
2016-11-27 08:23:00,0.7449961,0.7690920421364575
2016-11-27 08:24:00,0.75123996,0.7755539155298763
2016-11-27 08:25:00,0.78502893,0.8092288248895667
2016-11-27 08:26:00,0.8182386,0.8433748895948743
2016-11-27 08:27:00,0.85531974,0.8806703889340614
2016-11-27 08:28:00,0.88167953,0.9063306603910006
2016-11-27 08:29:00,0.94231296,0.968662095463112
2016-11-27 08:30:00,0.93410945,0.9606346089555649
2016-11-27 08:31:00,0.90437305,0.9307163948977998
2016-11-27 08:32:00,0.9047255,0.9310431963124408
2016-11-27 08:33:00,0.90152335,0.9274490221778724
2016-11-27 08:34:00,0.90317357,0.929259381259824
2016-11-27 08:35:00,0.9007029,0.9266184737198754
2016-11-27 08:36:00,0.9040462,0.930041688335219
2016-11-27 08:37:00,0.9013113,0.9272781737916976
2016-11-27 08:38:00,0.90125585,0.927287247737406
2016-11-27 08:39:00,0.89659333,0.9222414641930644
2016-11-27 08:40:00,0.9088011,0.9352194784196616
2016-11-27 08:41:00,0.94202816,0.9677686694013102
2016-11-27 08:42:00,0.9404477,0.9663082985481848
2016-11-27 08:43:00,0.9391203,0.96506035409429
2016-11-27 08:44:00,0.938131,0.9641210387669972
2016-11-27 08:45:00,0.93688846,0.962881348930544
2016-11-27 08:46:00,0.9492955,0.9745338283789782
2016-11-27 08:47:00,0.947191,0.9725195642952412
2016-11-27 08:48:00,0.94916654,0.9743741706475494
2016-11-27 08:49:00,0.947793,0.972999032596343
2016-11-27 08:50:00,0.94751847,0.972876965624032
2016-11-27 08:51:00,0.9495295,0.9746783436948354
2016-11-27 08:52:00,0.9463784,0.9718310902211916
2016-11-27 08:53:00,0.94516957,0.9706573494769384
2016-11-27 08:54:00,0.9453739,0.9708501575585132
2016-11-27 08:55:00,0.940465,0.9662673512949456
2016-11-27 08:56:00,0.93462884,0.9609604779165324
2016-11-27 08:57:00,0.9327816,0.959050984099448
2016-11-27 08:58:00,0.9326288,0.9588948295378874
2016-11-27 08:59:00,0.93216205,0.9584054295039348
2016-11-27 09:00:00,0.89472103,0.9201718345385962
2016-11-27 09:01:00,0.89052176,0.9155611835475376
2016-11-27 09:02:00,0.8910633,0.9162357562602114
2016-11-27 09:03:00,0.8913863,0.9165997837486566
2016-11-27 09:04:00,0.8898809,0.9144736831312692
2016-11-27 09:05:00,0.8914944,0.9163982719727732
2016-11-27 09:06:00,0.9001496,0.9257743103887602
2016-11-27 09:07:00,0.89772373,0.9234161557463229
2016-11-27 09:08:00,0.89726126,0.9229179204112324
2016-11-27 09:09:00,0.89601636,0.921489971087302
2016-11-27 09:10:00,0.89631,0.9218350142616704
2016-11-27 09:11:00,0.8966322,0.92220706754585
2016-11-27 09:12:00,0.89760125,0.9233459536911433
2016-11-27 09:13:00,0.89690065,0.9225356632426344
2016-11-27 09:14:00,0.896451,0.92203851891037
2016-11-27 09:15:00,0.8905003,0.9152959466357868
2016-11-27 09:16:00,0.88467145,0.908901067021492
2016-11-27 09:17:00,0.77541167,0.7979082192930399
2016-11-27 09:18:00,0.7763003,0.7987679769595886
2016-11-27 09:19:00,0.7753974,0.7980012627366868
2016-11-27 09:20:00,0.77694094,0.7995010351319266
2016-11-27 09:21:00,0.7776596,0.8002185781028717
2016-11-27 09:22:00,0.7749974,0.7975200837171948
2016-11-27 09:23:00,0.7747253,0.7972575337339232
2016-11-27 09:24:00,0.77377367,0.7963482824450283
2016-11-27 09:25:00,0.77814376,0.8004003414800227
2016-11-27 09:26:00,0.78451097,0.8072673846715933
2016-11-27 09:27:00,0.7862651,0.8092449636488135
2016-11-27 09:28:00,0.7870153,0.810100784061638
2016-11-27 09:29:00,0.78786993,0.811019705247624
2016-11-27 09:30:00,0.787622,0.8107659127012337
2016-11-27 09:31:00,0.7874404,0.8105669514070558
2016-11-27 09:32:00,0.7853905,0.808337505471447
2016-11-27 09:33:00,0.7941135,0.8177148790620917
2016-11-27 09:34:00,0.7962688,0.8199844529255733
2016-11-27 09:35:00,0.79068124,0.8142084507816574
2016-11-27 09:36:00,0.7890271,0.8126186536387251
2016-11-27 09:37:00,0.78700364,0.8103264927899815
2016-11-27 09:38:00,0.81597733,0.8400077898181221
2016-11-27 09:39:00,0.84843093,0.8732264172127696
2016-11-27 09:40:00,0.8486895,0.8735228259716256
2016-11-27 09:41:00,0.8458476,0.8704873067887597
2016-11-27 09:42:00,0.84704053,0.8717868946682158
2016-11-27 09:43:00,0.8461596,0.8708217793666166
2016-11-27 09:44:00,0.84599364,0.8706276986182175
2016-11-27 09:45:00,0.84440315,0.8689983233038461
2016-11-27 09:46:00,0.8368306,0.8610245322812831
2016-11-27 09:47:00,0.83786225,0.8621173160574863
2016-11-27 09:48:00,0.83689976,0.8611212848394951
2016-11-27 09:49:00,0.836375,0.8605622896509266
2016-11-27 09:50:00,0.83864915,0.8629351807601796
2016-11-27 09:51:00,0.8401637,0.8645114397337477
2016-11-27 09:52:00,0.83675563,0.8609675020639049
2016-11-27 09:53:00,0.8369241,0.8611682918367788
2016-11-27 09:54:00,0.83669376,0.8609148082525143
2016-11-27 09:55:00,0.8372934,0.861558935665253
2016-11-27 09:56:00,0.8382268,0.8625652125082759
2016-11-27 09:57:00,0.83635426,0.8605453217775589
2016-11-27 09:58:00,0.8350862,0.8591664012375998
2016-11-27 09:59:00,0.83702815,0.8612924392616413
2016-11-27 10:00:00,0.8351985,0.8593281634820513
2016-11-27 10:01:00,0.70990217,0.7288904574479147
2016-11-27 10:02:00,0.7052917,0.723118882458708
2016-11-27 10:03:00,0.70433235,0.7218433088577185
2016-11-27 10:04:00,0.7037439,0.7210334513159706
2016-11-27 10:05:00,0.70330274,0.7205132748529642
2016-11-27 10:06:00,0.70654076,0.7249404981142265
2016-11-27 10:07:00,0.702936,0.719992680383896
2016-11-27 10:08:00,0.7112717,0.7308781986728701
2016-11-27 10:09:00,0.7147955,0.7351976593033869
2016-11-27 10:10:00,0.69894814,0.7149547555831578
2016-11-27 10:11:00,0.7019565,0.7187396862236315
2016-11-27 10:12:00,0.7032274,0.7203571874375597
2016-11-27 10:13:00,0.7053383,0.7233066689326075
2016-11-27 10:14:00,0.79973656,0.8256702787813863
2016-11-27 10:15:00,1.5856445,1.6270839334791003
2016-11-27 10:16:00,2.1174853,2.035048449576275
2016-11-27 10:17:00,1.2198564,1.2355724594544233
2016-11-27 10:18:00,0.83856726,0.8651211151443332
2016-11-27 10:19:00,0.8449796,0.8718253280992782
2016-11-27 10:20:00,0.8298498,0.8563306509607628
2016-11-27 10:21:00,0.83230627,0.8583978587119345
2016-11-27 10:22:00,0.82856274,0.8550181617364077
2016-11-27 10:23:00,0.8293789,0.8560294898230193
2016-11-27 10:24:00,0.8287262,0.8552641892420365
2016-11-27 10:25:00,0.8281983,0.8548684885380248
2016-11-27 10:26:00,0.8289459,0.8555871409899172
2016-11-27 10:27:00,0.829118,0.8558083685960257
2016-11-27 10:28:00,0.792544,0.815972659010382
2016-11-27 10:29:00,0.78587246,0.8088082929569784
2016-11-27 10:30:00,0.7867352,0.8097761217289567
2016-11-27 10:31:00,0.81640303,0.8418743991376585
2016-11-27 10:32:00,0.82730556,0.8538181830675183
2016-11-27 10:33:00,0.82016194,0.8460115615896452
2016-11-27 10:34:00,0.7801348,0.8025374555342324
2016-11-27 10:35:00,0.778816,0.8011904826301613
2016-11-27 10:36:00,0.7784904,0.8008928238743065
2016-11-27 10:37:00,0.7879245,0.8115329600637929
2016-11-27 10:38:00,0.7602266,0.7864043688337184
2016-11-27 10:39:00,0.71870816,0.7407637765486104
2016-11-27 10:40:00,0.7039653,0.7212201532796385
2016-11-27 10:41:00,0.70438445,0.7217744630511025
2016-11-27 10:42:00,0.70330906,0.7203877367726842
2016-11-27 10:43:00,0.7031257,0.720166930540843
2016-11-27 10:44:00,0.70392126,0.7212275391019607
2016-11-27 10:45:00,0.70342076,0.7205756537656728
2016-11-27 10:46:00,0.71029985,0.7293560967045983
2016-11-27 10:47:00,0.71236295,0.7319306722297503
2016-11-27 10:48:00,0.7129955,0.7327437157368092
2016-11-27 10:49:00,0.7128383,0.7325152992585421
2016-11-27 10:50:00,0.7134352,0.733296530191163
2016-11-27 10:51:00,0.7144207,0.7347097535923647
2016-11-27 10:52:00,0.7134713,0.7334552273974401
2016-11-27 10:53:00,0.7135985,0.7335003910578382
2016-11-27 10:54:00,0.7118368,0.7312401465114144
2016-11-27 10:55:00,0.7120414,0.7315163100431092
2016-11-27 10:56:00,0.71214765,0.7316434786485024
2016-11-27 10:57:00,0.7126441,0.7321984042088868
2016-11-27 10:58:00,0.7111312,0.7302430255998084
2016-11-27 10:59:00,0.7429769,0.7678032687537307
2016-11-27 11:00:00,1.3396822,1.3920744025647698
2016-11-27 11:01:00,2.146781,2.0489600406710213
2016-11-27 11:02:00,0.805686,0.831238549756875
2016-11-27 11:03:00,1.1408918,1.1589889869788923
2016-11-27 11:04:00,0.7141501,0.7336190573859821
2016-11-27 11:05:00,0.70404387,0.7213801066092819
2016-11-27 11:06:00,0.7053443,0.7232252047760959
2016-11-27 11:07:00,0.7035718,0.7208285400015162
2016-11-27 11:08:00,0.77934587,0.8018220047350835
2016-11-27 11:09:00,0.78668475,0.8095451778762663
2016-11-27 11:10:00,1.888932,1.87151485813592
2016-11-27 11:11:00,1.6972886,1.7250679268436837
2016-11-27 11:12:00,0.7859795,0.8089337559574501
2016-11-27 11:13:00,0.7806164,0.803083587628245
2016-11-27 11:14:00,0.7793747,0.8017326514678008
2016-11-27 11:15:00,0.7787576,0.801066276402368
2016-11-27 11:16:00,0.77856505,0.8008842531519594
2016-11-27 11:17:00,0.77829826,0.8006089974419781
2016-11-27 11:18:00,0.7761642,0.7986048868384856
2016-11-27 11:19:00,0.7756767,0.7981349412514196
2016-11-27 11:20:00,0.7787683,0.8010673954307302
2016-11-27 11:21:00,0.781855,0.8044865528684098
2016-11-27 11:22:00,0.77646625,0.7989156457269625
2016-11-27 11:23:00,0.77736545,0.7999163011028427
2016-11-27 11:24:00,0.77593416,0.7984217500680021
2016-11-27 11:25:00,0.77427065,0.7968583378583948
2016-11-27 11:26:00,0.77567613,0.7982532633059933
2016-11-27 11:27:00,0.77533877,0.7978817476633117
2016-11-27 11:28:00,0.7732277,0.7958889583371817
2016-11-27 11:29:00,0.7744571,0.7970888184285575
2016-11-27 11:30:00,0.77190745,0.794670158259521
2016-11-27 11:31:00,0.70508033,0.7227057341131269
2016-11-27 11:32:00,0.70401317,0.721363696954742
2016-11-27 11:33:00,0.7036372,0.7208677294151811
2016-11-27 11:34:00,0.704214,0.7216280239427412
2016-11-27 11:35:00,0.7039307,0.7213051740318446
2016-11-27 11:36:00,0.88273835,0.9115139145998856
2016-11-27 11:37:00,1.2003065,1.226899711224991
2016-11-27 11:38:00,1.1996653,1.2259050103740443
2016-11-27 11:39:00,1.1952871,1.2206071365102238
2016-11-27 11:40:00,1.198127,1.2239070413799629
2016-11-27 11:41:00,1.0908127,1.1163532227257065
2016-11-27 11:42:00,0.7129186,0.7324295144334034
2016-11-27 11:43:00,0.7043943,0.7218972803690527
2016-11-27 11:44:00,0.70583415,0.7238027209944202
2016-11-27 11:45:00,0.7042969,0.7217405007617849
2016-11-27 11:46:00,0.70544916,0.7231964734397689
2016-11-27 11:47:00,0.78612685,0.8114221280362501
2016-11-27 11:48:00,1.9176234,1.888539832658348
2016-11-27 11:49:00,1.9025736,1.8775604338542675
2016-11-27 11:50:00,1.1634701,1.18110406258789
2016-11-27 11:51:00,0.71037245,0.729607508400264
2016-11-27 11:52:00,0.7075743,0.7259309298794118
2016-11-27 11:53:00,0.75947064,0.7829824529156918
2016-11-27 11:54:00,0.79229033,0.8153527844125719
2016-11-27 11:55:00,0.78835046,0.8114077055181919
2016-11-27 11:56:00,0.7821387,0.8047393707127966
2016-11-27 11:57:00,0.7821331,0.804741509558317
2016-11-27 11:58:00,0.78348696,0.8062560763393944
2016-11-27 11:59:00,0.7893498,0.812764466648597
2016-11-27 12:00:00,0.78680634,0.8099097928700931
2016-11-27 12:01:00,0.78945017,0.8129233454418834
2016-11-27 12:02:00,0.7888316,0.8121843918391245
2016-11-27 12:03:00,0.7888119,0.8121935225509038
2016-11-27 12:04:00,0.7890532,0.8124722415675683
2016-11-27 12:05:00,0.7871605,0.8103954171271033
2016-11-27 12:06:00,0.7887602,0.8121165433126951
2016-11-27 12:07:00,0.7891396,0.8125684909937007
2016-11-27 12:08:00,0.79478335,0.8186237637282677
2016-11-27 12:09:00,0.7904377,0.8138262889691854
2016-11-27 12:10:00,0.7897677,0.8131774681905463
2016-11-27 12:11:00,0.7812774,0.803815888260619
2016-11-27 12:12:00,0.7794857,0.8018460805522344
2016-11-27 12:13:00,0.77892363,0.8012414295814534
2016-11-27 12:14:00,0.7798358,0.8023120016704314
2016-11-27 12:15:00,0.74634814,0.766886080845935
2016-11-27 12:16:00,0.67958933,0.6879486410550321
2016-11-27 12:17:00,0.66370386,0.6685004827276992
2016-11-27 12:18:00,0.6625645,0.6671154398614113
2016-11-27 12:19:00,0.66253674,0.6670907393979033
2016-11-27 12:20:00,0.6618906,0.6662970844173728
2016-11-27 12:21:00,0.6639629,0.6688997229351449
2016-11-27 12:22:00,0.62390435,0.6236164578784522
2016-11-27 12:23:00,0.58771384,0.5886039152772182
2016-11-27 12:24:00,0.58627367,0.5871758934038183
2016-11-27 12:25:00,0.58739173,0.5883142039870765
2016-11-27 12:26:00,0.5862543,0.5871133287065557
2016-11-27 12:27:00,0.58645284,0.5873248330830199
2016-11-27 12:28:00,0.5858673,0.5867370564811539
2016-11-27 12:29:00,0.58655995,0.5874340478687631
2016-11-27 12:30:00,0.5871006,0.5879755379810456
2016-11-27 12:31:00,0.5867655,0.5876225103841929
2016-11-27 12:32:00,0.58736825,0.5882255946366916
2016-11-27 12:33:00,0.586643,0.5875132295232244
2016-11-27 12:34:00,0.5867402,0.5876171222076575
2016-11-27 12:35:00,0.5871362,0.5880270946783059
2016-11-27 12:36:00,0.5881472,0.5890119777848591
2016-11-27 12:37:00,0.5865512,0.5874636747856321
2016-11-27 12:38:00,0.5847229,0.585601418609994
2016-11-27 12:39:00,0.58627474,0.5871685684549546
2016-11-27 12:40:00,0.5865843,0.5874846752937686
2016-11-27 12:41:00,0.58470035,0.5855762339295388
2016-11-27 12:42:00,0.58540237,0.5862925032512022
2016-11-27 12:43:00,0.5839114,0.5847878450902703
2016-11-27 12:44:00,0.5860692,0.5869802386421397
2016-11-27 12:45:00,0.5880853,0.5890472413970683
2016-11-27 12:46:00,0.58750975,0.5884108597580622
2016-11-27 12:47:00,0.58546823,0.5863097807971894
2016-11-27 12:48:00,0.5868778,0.5877309399210049
2016-11-27 12:49:00,0.58653724,0.5874065353029624
2016-11-27 12:50:00,0.6005545,0.601411838376179
2016-11-27 12:51:00,0.60162103,0.6022873138994665
2016-11-27 12:52:00,0.6853781,0.6947883686059223
2016-11-27 12:53:00,0.67875713,0.6867872346046967
2016-11-27 12:54:00,0.67574775,0.683192274727737
2016-11-27 12:55:00,0.674092,0.681233874657007
2016-11-27 12:56:00,0.67209643,0.6788368091786737
2016-11-27 12:57:00,0.66530913,0.6704814066519441
2016-11-27 12:58:00,0.66576886,0.671068194098121
2016-11-27 12:59:00,0.6655781,0.6708407286508485
2016-11-27 13:00:00,0.6675892,0.6733141302983602
2016-11-27 13:01:00,1.2113242,1.2217934209636176
2016-11-27 13:02:00,0.92959595,0.9629351907412448
2016-11-27 13:03:00,0.6679275,0.6737265271959514
2016-11-27 13:04:00,0.6781009,0.6858629908517136
2016-11-27 13:05:00,0.6741119,0.6810790811986026
2016-11-27 13:06:00,0.66949797,0.6756585327610222
2016-11-27 13:07:00,0.66701,0.672577853888082
2016-11-27 13:08:00,0.6683098,0.6741435149683943
2016-11-27 13:09:00,0.6626836,0.6672542223169352
2016-11-27 13:10:00,0.6737439,0.6806607111393279
2016-11-27 13:11:00,0.66921073,0.6753581920536866
2016-11-27 13:12:00,0.9089806,0.9418082486511888
2016-11-27 13:13:00,0.6701307,0.676485853455476
2016-11-27 13:14:00,0.6713971,0.6780228994184465
2016-11-27 13:15:00,0.67225444,0.679068529662834
2016-11-27 13:16:00,0.67468894,0.681990421522622
2016-11-27 13:17:00,0.6708132,0.6773221196131222
2016-11-27 13:18:00,0.6720228,0.678784552981792
2016-11-27 13:19:00,0.66912514,0.6752522129484018
2016-11-27 13:20:00,0.6698961,0.6762043485061311
2016-11-27 13:21:00,0.6711199,0.6777569228028164
2016-11-27 13:22:00,0.6721008,0.6789318290992565
2016-11-27 13:23:00,0.7202171,0.7349916798504802
2016-11-27 13:24:00,0.8403872,0.8585154984290275
2016-11-27 13:25:00,0.85229635,0.8710856679528168
2016-11-27 13:26:00,0.8316945,0.8495705875795722
2016-11-27 13:27:00,0.83598864,0.8541085694722221
2016-11-27 13:28:00,0.8370124,0.8552368223289164
2016-11-27 13:29:00,0.8785132,0.9001458059815406
2016-11-27 13:30:00,0.8362833,0.8543911210250585
2016-11-27 13:31:00,0.84784305,0.8661961822797697
2016-11-27 13:32:00,0.8456074,0.8637667702322787
2016-11-27 13:33:00,0.8444905,0.862677704992327
2016-11-27 13:34:00,0.84326553,0.8614515389696727
2016-11-27 13:35:00,0.8376365,0.855570755346108
2016-11-27 13:36:00,0.8424674,0.86073099979259
2016-11-27 13:37:00,1.0127535,1.0424606562036327
2016-11-27 13:38:00,1.7340678,1.7645361735676803
2016-11-27 13:39:00,1.7348695,1.7651511296007127
2016-11-27 13:40:00,1.737996,1.767690426843972
2016-11-27 13:41:00,1.7389485,1.768514307259491
2016-11-27 13:42:00,1.4186863,1.4705523795597817
2016-11-27 13:43:00,1.3933206,1.4440161129433182
2016-11-27 13:44:00,1.7018541,1.738790332265701
2016-11-27 13:45:00,1.6954186,1.7345033858253045
2016-11-27 13:46:00,1.6917819,1.7313686704022293
2016-11-27 13:47:00,1.6889778,1.7289789689104187
2016-11-27 13:48:00,1.6892167,1.7291640636232055
2016-11-27 13:49:00,1.6879886,1.7281319734610632
2016-11-27 13:50:00,1.6847342,1.725348311681462
2016-11-27 13:51:00,1.6092775,1.6576744537920605
2016-11-27 13:52:00,1.3632615,1.4103298550913426
2016-11-27 13:53:00,1.3262327,1.3683503062928024
2016-11-27 13:54:00,1.6278276,1.6726663221181128
2016-11-27 13:55:00,1.6553128,1.6972443402119082
2016-11-27 13:56:00,1.6608877,1.7022728448878257
2016-11-27 13:57:00,1.5715916,1.6236265758724011
2016-11-27 13:58:00,1.529113,1.581972465797255
2016-11-27 13:59:00,1.531989,1.5848571732313368
2016-11-27 14:00:00,1.5319797,1.584860527444922
2016-11-27 14:01:00,1.522729,1.575949459051559
2016-11-27 14:02:00,1.2246577,1.2558477117596245
2016-11-27 14:03:00,0.6260303,0.6262321365995643
2016-11-27 14:04:00,0.6395846,0.6400164355785185
2016-11-27 14:05:00,0.6623625,0.6678989890609919
2016-11-27 14:06:00,0.6675488,0.6743426010274449
2016-11-27 14:07:00,0.66626954,0.6727400563731759
2016-11-27 14:08:00,0.66618466,0.6725963350585652
2016-11-27 14:09:00,0.66508305,0.6712448800065375
2016-11-27 14:10:00,0.66340923,0.6691711527252385
2016-11-27 14:11:00,0.6647985,0.6708805512401943
2016-11-27 14:12:00,0.6548166,0.6584081836953067
2016-11-27 14:13:00,0.63225615,0.632272460776757
2016-11-27 14:14:00,0.64469695,0.6461139933355844
2016-11-27 14:15:00,0.6645503,0.6705725558709965
2016-11-27 14:16:00,0.6649239,0.6710546086673242
2016-11-27 14:17:00,0.6647086,0.6707786599895342
2016-11-27 14:18:00,0.66654354,0.6730400138345148
2016-11-27 14:19:00,0.6675822,0.6743189472430031
2016-11-27 14:20:00,0.66625905,0.672673239864346
2016-11-27 14:21:00,1.1371447,1.1619352370239946
2016-11-27 14:22:00,1.2816329,1.3239835205846258
2016-11-27 14:23:00,0.70325124,0.7165920745220656
2016-11-27 14:24:00,0.7136171,0.7290171865490924
2016-11-27 14:25:00,0.7186165,0.7347662733829808
2016-11-27 14:26:00,0.74367774,0.760901378985821
2016-11-27 14:27:00,0.7436112,0.7608797200524514
2016-11-27 14:28:00,0.74310136,0.7603964860896598
2016-11-27 14:29:00,0.72564614,0.7422595248173387
2016-11-27 14:30:00,0.7143415,0.7301537091102764
2016-11-27 14:31:00,0.7247659,0.7413528110346811
2016-11-27 14:32:00,0.73862344,0.7556031088877727
2016-11-27 14:33:00,0.7462039,0.7635442135487623
2016-11-27 14:34:00,0.7407875,0.7577939856246961
2016-11-27 14:35:00,0.7427832,0.7599398333463535
2016-11-27 14:36:00,0.7351777,0.7519361048448432
2016-11-27 14:37:00,0.71772265,0.7337217919802169
2016-11-27 14:38:00,0.6976578,0.709951154783857
2016-11-27 14:39:00,0.70347834,0.7170348054004926
2016-11-27 14:40:00,0.70183504,0.7150123054083427
2016-11-27 14:41:00,0.7013794,0.7144691537139581
2016-11-27 14:42:00,0.70036167,0.713238425452797
2016-11-27 14:43:00,0.70730066,0.7215868885285225
2016-11-27 14:44:00,1.0841339,1.1098765665576005
2016-11-27 14:45:00,1.5742191,1.626930406463081
2016-11-27 14:46:00,1.2753452,1.3148223485755983
2016-11-27 14:47:00,1.565791,1.6184963580356917
2016-11-27 14:48:00,1.5723723,1.625107439194932
2016-11-27 14:49:00,1.0596229,1.086554705219391
2016-11-27 14:50:00,0.69994074,0.7127890092398546
2016-11-27 14:51:00,0.7007087,0.7137668971640047
2016-11-27 14:52:00,1.0735357,1.1002289283864657
2016-11-27 14:53:00,1.5774759,1.6311675018817624
2016-11-27 14:54:00,1.5537204,1.6081134946984217
2016-11-27 14:55:00,1.549991,1.6043785619557374
2016-11-27 14:56:00,1.5522976,1.6067098659739845
2016-11-27 14:57:00,1.5465368,1.600958989482827
2016-11-27 14:58:00,1.544183,1.598615209283949
2016-11-27 14:59:00,1.5413307,1.5957498135593529
2016-11-27 15:00:00,1.538752,1.593146073861955
2016-11-27 15:01:00,1.5397412,1.59417484253675
2016-11-27 15:02:00,1.5376455,1.592009945509874
2016-11-27 15:03:00,1.5332237,1.5875851342252305
2016-11-27 15:04:00,1.5329262,1.58727246924175
2016-11-27 15:05:00,1.5327702,1.587140797206859
2016-11-27 15:06:00,1.5282573,1.582671357076292
2016-11-27 15:07:00,1.5296038,1.5840368940609832
2016-11-27 15:08:00,1.5276675,1.5820459350130114
2016-11-27 15:09:00,2.5944822,2.408844690620185
2016-11-27 15:10:00,2.2295203,2.144817512551757
2016-11-27 15:11:00,2.7063015,2.490064827520002
2016-11-27 15:12:00,2.29498,2.1916652951151225
2016-11-27 15:13:00,1.5653714,1.6197397094324937
2016-11-27 15:14:00,0.6792351,0.6883588127115224
2016-11-27 15:15:00,0.6643487,0.6698143275787775
2016-11-27 15:16:00,0.6567232,0.6602023636653328
2016-11-27 15:17:00,0.6565682,0.6599996794313976
2016-11-27 15:18:00,0.6552299,0.6583358024099119
2016-11-27 15:19:00,0.69382495,0.7055664704306787
2016-11-27 15:20:00,0.7310517,0.7472791998974554
2016-11-27 15:21:00,0.7306737,0.7468094369344402
2016-11-27 15:22:00,0.7301151,0.746386399610581
2016-11-27 15:23:00,0.72200453,0.7379757129665308
2016-11-27 15:24:00,0.7199029,0.7357661667355765
2016-11-27 15:25:00,0.71847665,0.7342657271315023
2016-11-27 15:26:00,0.71445864,0.7298316016716746
2016-11-27 15:27:00,0.71371937,0.7290096301184531
2016-11-27 15:28:00,0.7083958,0.7226946557928922
2016-11-27 15:29:00,0.71005714,0.7246509472144399
2016-11-27 15:30:00,0.71151936,0.7262518118376178
2016-11-27 15:31:00,0.71110165,0.7258111228633414
2016-11-27 15:32:00,0.70886445,0.7232336977828907
2016-11-27 15:33:00,0.7075496,0.7217155809132936
2016-11-27 15:34:00,0.7077098,0.7219141114931146
2016-11-27 15:35:00,0.70745504,0.7216236757904746
2016-11-27 15:36:00,0.70771223,0.7219563796667613
2016-11-27 15:37:00,0.71666443,0.7324104469099806
2016-11-27 15:38:00,0.71541727,0.7310949178034146
2016-11-27 15:39:00,0.7114081,0.7265102290309876
2016-11-27 15:40:00,0.7101208,0.7250207656024558
2016-11-27 15:41:00,0.7109365,0.7259692631630947
2016-11-27 15:42:00,0.7139418,0.729382237091136
2016-11-27 15:43:00,0.71805036,0.7336905440345789
2016-11-27 15:44:00,0.71216595,0.7273820981452228
2016-11-27 15:45:00,0.71768475,0.7337056058863837
2016-11-27 15:46:00,0.7148598,0.7305983843251721
2016-11-27 15:47:00,0.6972981,0.7095647475157313
2016-11-27 15:48:00,0.6458575,0.6472274584047469
2016-11-27 15:49:00,0.64517367,0.6464139061841712
2016-11-27 15:50:00,0.6458478,0.6472135933892856
2016-11-27 15:51:00,0.6462759,0.6477543124773568
2016-11-27 15:52:00,0.6404233,0.6408421092912973
2016-11-27 15:53:00,0.636745,0.6366781597379948
2016-11-27 15:54:00,0.64894545,0.6513614520523936
2016-11-27 15:55:00,0.7472733,0.7724084660608238
2016-11-27 15:56:00,0.7477267,0.7728550112140088
2016-11-27 15:57:00,0.74821323,0.7733649536914347
2016-11-27 15:58:00,0.74787056,0.7730172645243769
2016-11-27 15:59:00,0.7475605,0.7726598573069284
2016-11-27 16:00:00,0.74442244,0.7692949995640409
2016-11-27 16:01:00,0.7229072,0.744984288487978
2016-11-27 16:02:00,0.72107387,0.7427487771593907
2016-11-27 16:03:00,0.72082484,0.7424671476939506
2016-11-27 16:04:00,0.72123563,0.7429250760929734
2016-11-27 16:05:00,0.7205049,0.7420366077301775
2016-11-27 16:06:00,0.72089195,0.7425242357063645
2016-11-27 16:07:00,0.7219779,0.7438271440659998
2016-11-27 16:08:00,0.7197451,0.7410294458020901
2016-11-27 16:09:00,0.72009754,0.7414542099086574
2016-11-27 16:10:00,0.71976256,0.7409984463076008
2016-11-27 16:11:00,0.72101164,0.7424295866101706
2016-11-27 16:12:00,0.718326,0.7391660018843171
2016-11-27 16:13:00,0.7187935,0.7397275989816725
2016-11-27 16:14:00,0.77001464,0.7932541626492914
2016-11-27 16:15:00,0.80172324,0.825579777221111
2016-11-27 16:16:00,0.80444133,0.8283331847528672
2016-11-27 16:17:00,0.7977148,0.8215334571435703
2016-11-27 16:18:00,0.794675,0.8184012174122259
2016-11-27 16:19:00,0.7929469,0.8166017625624018
2016-11-27 16:20:00,0.79202807,0.8155990691802575
2016-11-27 16:21:00,0.79480255,0.8186128430093926
2016-11-27 16:22:00,0.79633117,0.8202165949772133
2016-11-27 16:23:00,0.79388034,0.8177085760032358
2016-11-27 16:24:00,0.7980025,0.8220128383254275
2016-11-27 16:25:00,0.79946125,0.8235255680772007
2016-11-27 16:26:00,0.7987292,0.8227813689391122
2016-11-27 16:27:00,0.7980939,0.8221499160380044
2016-11-27 16:28:00,0.79733247,0.8213721870393528
2016-11-27 16:29:00,0.7995596,0.823801258995622
2016-11-27 16:30:00,0.8001388,0.8244504495328341
2016-11-27 16:31:00,0.7985085,0.8225534655434403
2016-11-27 16:32:00,0.7985326,0.8226708934494065
2016-11-27 16:33:00,0.796314,0.8203329656903863
2016-11-27 16:34:00,0.7952869,0.819244106503279
2016-11-27 16:35:00,0.79364216,0.8174591657862733
2016-11-27 16:36:00,0.7941369,0.8180200350202214
2016-11-27 16:37:00,0.7934984,0.8172793179992621
2016-11-27 16:38:00,0.79179156,0.8154626820323991
2016-11-27 16:39:00,0.7919028,0.815580109679871
2016-11-27 16:40:00,0.7921412,0.8158630010125204
2016-11-27 16:41:00,0.7796328,0.8023222394148619
2016-11-27 16:42:00,0.7192766,0.7402969979944105
2016-11-27 16:43:00,0.7199073,0.7410375237909779
2016-11-27 16:44:00,0.7193861,0.7403652221935692
2016-11-27 16:45:00,0.71845067,0.7391859654912318
2016-11-27 16:46:00,0.7197199,0.740872769127713
2016-11-27 16:47:00,0.71913844,0.7402293660008982
2016-11-27 16:48:00,0.72009444,0.7413256559423117
2016-11-27 16:49:00,0.7189052,0.7398329806068238
2016-11-27 16:50:00,0.7272868,0.7493860233807892
2016-11-27 16:51:00,0.7290534,0.7514883117746203
2016-11-27 16:52:00,0.7327417,0.7555959349769488
2016-11-27 16:53:00,0.7377597,0.7610416849521413
2016-11-27 16:54:00,0.7361516,0.7592648546393815
2016-11-27 16:55:00,0.7365141,0.7595847191576709
2016-11-27 16:56:00,0.7360847,0.759090074140338
2016-11-27 16:57:00,0.735801,0.7587829699091858
2016-11-27 16:58:00,0.7356478,0.7586740727329953
2016-11-27 16:59:00,0.73681223,0.7599589528424203
2016-11-27 17:00:00,0.7339014,0.7567166565743965
2016-11-27 17:01:00,0.7343561,0.7572288408215282
2016-11-27 17:02:00,0.7350222,0.7579720425082949
2016-11-27 17:03:00,0.73437274,0.757202415383451
2016-11-27 17:04:00,0.73475456,0.757549727400618
2016-11-27 17:05:00,0.7341323,0.7568509958865989
2016-11-27 17:06:00,0.72721076,0.7493490474031257
2016-11-27 17:07:00,0.72852844,0.7507947897694969
2016-11-27 17:08:00,0.72340053,0.7449051318201685
2016-11-27 17:09:00,0.72207594,0.7433941363971777
2016-11-27 17:10:00,0.8733429,0.90018291646282
2016-11-27 17:11:00,1.2453401,1.2775524725628795
2016-11-27 17:12:00,1.243854,1.27522754254695
2016-11-27 17:13:00,1.2403576,1.2713276227264874
2016-11-27 17:14:00,0.9987,1.026092743929709
2016-11-27 17:15:00,0.8173616,0.8417709541763791
2016-11-27 17:16:00,1.5889252,1.6412610568788728
2016-11-27 17:17:00,2.1117313,2.039389105764331
2016-11-27 17:18:00,1.8828249,1.8773398125907244
2016-11-27 17:19:00,0.73231137,0.7485393500026138
2016-11-27 17:20:00,1.0113798,1.0439563552687936
2016-11-27 17:21:00,1.1001542,1.1235739279289951
2016-11-27 17:22:00,1.2381372,1.267479588721286
2016-11-27 17:23:00,1.5406433,1.5837092736521483
2016-11-27 17:24:00,2.0484633,1.9843698141232229
2016-11-27 17:25:00,1.0966303,1.119415071204037
2016-11-27 17:26:00,1.2385029,1.267898471755852
2016-11-27 17:27:00,0.8447602,0.8715426878448091
2016-11-27 17:28:00,0.8435526,0.8703249678301701
2016-11-27 17:29:00,0.8821738,0.9080571158152756
2016-11-27 17:30:00,1.098482,1.1211439064365312
2016-11-27 17:31:00,1.1413218,1.1612471927010577
2016-11-27 17:32:00,0.8774693,0.903137002847262
2016-11-27 17:33:00,0.90054405,0.9257723642930852
2016-11-27 17:34:00,1.1842391,1.199048069378805
2016-11-27 17:35:00,1.2123,1.2268106553686209
2016-11-27 17:36:00,0.80050904,0.8258304995909639
2016-11-27 17:37:00,0.8028015,0.8282209939933091
2016-11-27 17:38:00,0.95602906,0.9924753784498238
2016-11-27 17:39:00,2.0321403,1.9740751522754645
2016-11-27 17:40:00,1.1871821,1.2034234212207056
2016-11-27 17:41:00,0.80391693,0.8293041426344738
2016-11-27 17:42:00,0.811906,0.8375058471425072
2016-11-27 17:43:00,0.8110262,0.8365666213036186
2016-11-27 17:44:00,0.8117882,0.8374050215233388
2016-11-27 17:45:00,0.8104644,0.8360235131349055
2016-11-27 17:46:00,0.80805606,0.8336287873894501
2016-11-27 17:47:00,0.81139004,0.8369793241184615
2016-11-27 17:48:00,0.81136817,0.836867558067398
2016-11-27 17:49:00,0.81132793,0.836827573625188
2016-11-27 17:50:00,0.8109981,0.8365695416217328
2016-11-27 17:51:00,0.8106608,0.8361303860196623
2016-11-27 17:52:00,0.8119794,0.8374851716376107
2016-11-27 17:53:00,0.8093315,0.8347765198381444
2016-11-27 17:54:00,0.80887204,0.8343198543251165
2016-11-27 17:55:00,0.80963695,0.8351042465061024
2016-11-27 17:56:00,0.8087604,0.8342137425066146
2016-11-27 17:57:00,0.80928373,0.8347923199030426
2016-11-27 17:58:00,0.8085163,0.8339534064412464
2016-11-27 17:59:00,0.8086829,0.8340656169610179
2016-11-27 18:00:00,0.8082237,0.8336579435785643
2016-11-27 18:01:00,0.80851054,0.8339714369266448
2016-11-27 18:02:00,0.8090974,0.83459901571453
2016-11-27 18:03:00,0.8086027,0.8340213000776642
2016-11-27 18:04:00,0.80993193,0.8353753553417993
2016-11-27 18:05:00,0.8080288,0.8334208914348396
2016-11-27 18:06:00,0.8152591,0.8411572152151752
2016-11-27 18:07:00,0.8233047,0.8490455273154932
2016-11-27 18:08:00,0.8290617,0.8547877815743528
2016-11-27 18:09:00,0.8327403,0.858551629139717
2016-11-27 18:10:00,0.8323052,0.8581334533274804
2016-11-27 18:11:00,0.8314016,0.8571885929465765
2016-11-27 18:12:00,0.83330715,0.8591999447138196
2016-11-27 18:13:00,0.8315261,0.8573665137000063
2016-11-27 18:14:00,0.83227575,0.8581160576792657
2016-11-27 18:15:00,0.8319771,0.8578388638417555
2016-11-27 18:16:00,0.83218825,0.8580592293259738
2016-11-27 18:17:00,0.83128476,0.8571307691531407
2016-11-27 18:18:00,0.82826877,0.8541779776534865
2016-11-27 18:19:00,0.82237864,0.8481487216429852
2016-11-27 18:20:00,0.8147316,0.8402729163514082
2016-11-27 18:21:00,0.81498176,0.8406755424995707
2016-11-27 18:22:00,0.8446311,0.8722254858975778
2016-11-27 18:23:00,0.81663823,0.8426539972115891
2016-11-27 18:24:00,0.81183386,0.8374080509807409
2016-11-27 18:25:00,0.81284654,0.8385076831147711
2016-11-27 18:26:00,1.1936153,1.2121458982509414
2016-11-27 18:27:00,1.2649426,1.2958838451232564
2016-11-27 18:28:00,1.2640243,1.2947886585534247
2016-11-27 18:29:00,1.2900828,1.3252805002984904
2016-11-27 18:30:00,0.9507847,0.98540098102858
2016-11-27 18:31:00,0.8122957,0.8380225635089041
2016-11-27 18:32:00,0.81126666,0.8369406853256154
2016-11-27 18:33:00,0.8137556,0.8396409820332548
2016-11-27 18:34:00,0.81738293,0.8434708289372373
2016-11-27 18:35:00,0.81663287,0.8426241154071096
2016-11-27 18:36:00,0.8153708,0.8413924826686958
2016-11-27 18:37:00,0.8158227,0.8417457255860508
2016-11-27 18:38:00,0.8167301,0.8428928660864548
2016-11-27 18:39:00,0.81433535,0.8403263776566043
2016-11-27 18:40:00,0.8154137,0.8414812669614737
2016-11-27 18:41:00,0.81418014,0.8401668541922643
2016-11-27 18:42:00,0.81484336,0.8409050935021571
2016-11-27 18:43:00,0.8246999,0.8515572237744651
2016-11-27 18:44:00,0.81380296,0.8397758833408403
2016-11-27 18:45:00,0.81329215,0.8392937443847092
2016-11-27 18:46:00,0.81965077,0.8457230401214522
2016-11-27 18:47:00,0.8258565,0.8517946098677384
2016-11-27 18:48:00,0.8289224,0.8549390776695345
2016-11-27 18:49:00,0.82672465,0.8527187954129845
2016-11-27 18:50:00,0.8221201,0.8480505421808978
2016-11-27 18:51:00,0.8178303,0.8437669068701765
2016-11-27 18:52:00,0.81429005,0.840118002914105
2016-11-27 18:53:00,0.85698736,0.8835154452243564
2016-11-27 18:54:00,0.9204651,0.9480335557581482
2016-11-27 18:55:00,0.9139664,0.9416103724529544
2016-11-27 18:56:00,0.81795734,0.8440349564405187
2016-11-27 18:57:00,0.81983316,0.8459124994886171
2016-11-27 18:58:00,0.8111893,0.8371898068116842
2016-11-27 18:59:00,0.8119352,0.8379167841293638
2016-11-27 19:00:00,0.81278735,0.8388032379166639
2016-11-27 19:01:00,0.81131506,0.8373287056812594
2016-11-27 19:02:00,0.8137492,0.8397726640252821
2016-11-27 19:03:00,0.8516871,0.8806523988849111
2016-11-27 19:04:00,0.85501194,0.8838672237285046
2016-11-27 19:05:00,0.83686966,0.865302359599535
2016-11-27 19:06:00,0.83188117,0.860408414830896
2016-11-27 19:07:00,0.8321285,0.8604562848913081
2016-11-27 19:08:00,0.8384094,0.8668236897585966
2016-11-27 19:09:00,0.8413502,0.8700034826848552
2016-11-27 19:10:00,0.8253999,0.8536042798936502
2016-11-27 19:11:00,0.826825,0.8551977472314214
2016-11-27 19:12:00,0.8201313,0.8483863441716185
2016-11-27 19:13:00,0.8200586,0.8483090287980531
2016-11-27 19:14:00,0.8185283,0.846735078257262
2016-11-27 19:15:00,0.8166177,0.8447293956816545
2016-11-27 19:16:00,0.782488,0.8061241157570719
2016-11-27 19:17:00,1.5743226,1.631271534665093
2016-11-27 19:18:00,1.617073,1.6733571657841266
2016-11-27 19:19:00,1.622712,1.678628492468941
2016-11-27 19:20:00,1.6360656,1.6910989891531654
2016-11-27 19:21:00,1.5514492,1.6088968903183722
2016-11-27 19:22:00,1.3416928,1.393117759287498
2016-11-27 19:23:00,1.4236789,1.4814536535419012
2016-11-27 19:24:00,1.6482009,1.7022590918387983
2016-11-27 19:25:00,1.6474253,1.7015253051282988
2016-11-27 19:26:00,1.644463,1.6987979810266112
2016-11-27 19:27:00,1.6481054,1.7021675208745282
2016-11-27 19:28:00,1.6461571,1.7003707226545697
2016-11-27 19:29:00,1.6470739,1.7011973954585944
2016-11-27 19:30:00,1.6378988,1.6928526648866775
2016-11-27 19:31:00,1.5526263,1.6097514399634902
2016-11-27 19:32:00,1.3161838,1.365296001240706
2016-11-27 19:33:00,1.3784562,1.4351461376143582
2016-11-27 19:34:00,1.6204888,1.6765465684412284
2016-11-27 19:35:00,1.66612,1.7195512155921209
2016-11-27 19:36:00,1.6404003,1.6953696155719828
2016-11-27 19:37:00,1.6266733,1.6822837035841458
2016-11-27 19:38:00,1.6270791,1.6826804950109095
2016-11-27 19:39:00,1.6269914,1.6825975546838527
2016-11-27 19:40:00,1.6215819,1.67754030039431
2016-11-27 19:41:00,1.5754422,1.6324058942088462
2016-11-27 19:42:00,0.75702214,0.7773606155315466
2016-11-27 19:43:00,0.76165044,0.7827210217826918
2016-11-27 19:44:00,0.7809607,0.8043551512813957
2016-11-27 19:45:00,0.7283293,0.7457700547076735
2016-11-27 19:46:00,0.7298432,0.7473207784469639
2016-11-27 19:47:00,0.72954345,0.747008942703776
2016-11-27 19:48:00,0.73047626,0.7479768249991552
2016-11-27 19:49:00,0.7268808,0.7443046509166137
2016-11-27 19:50:00,0.7796557,0.8004692710430189
2016-11-27 19:51:00,0.9316797,0.9539929538950784
2016-11-27 19:52:00,0.96069455,0.9795813324635309
2016-11-27 19:53:00,0.9601109,0.9792211800646918
2016-11-27 19:54:00,2.1289515,2.08372300765349
2016-11-27 19:55:00,2.4429095,2.311056036969629
2016-11-27 19:56:00,2.4337792,2.3044138663036726
2016-11-27 19:57:00,2.4276302,2.2999292215252813
2016-11-27 19:58:00,1.4766102,1.5328414146313352
2016-11-27 19:59:00,1.3697349,1.4270393172365
2016-11-27 20:00:00,1.3678666,1.425065920353888
2016-11-27 20:01:00,1.3629612,1.4197230082370993
2016-11-27 20:02:00,1.3196632,1.372556043581435
2016-11-27 20:03:00,1.322836,1.3763246377371372
2016-11-27 20:04:00,1.3243644,1.378147141550326
2016-11-27 20:05:00,1.3506486,1.4065080485594272
2016-11-27 20:06:00,1.3514031,1.4073767398460009
2016-11-27 20:07:00,1.3548778,1.411421886080376
2016-11-27 20:08:00,1.3435373,1.3989655442097229
2016-11-27 20:09:00,1.3245485,1.378188544631152
2016-11-27 20:10:00,1.2296413,1.2546700290623611
2016-11-27 20:11:00,1.226413,1.250624403211155
2016-11-27 20:12:00,1.2301488,1.2553667395836745
2016-11-27 20:13:00,1.2297744,1.2548917019439487
2016-11-27 20:14:00,1.233422,1.259957045981242
2016-11-27 20:15:00,1.23189,1.2578777931658836
2016-11-27 20:16:00,1.1054306,1.1230480555327695
2016-11-27 20:17:00,0.82826155,0.8482272712535974
2016-11-27 20:18:00,0.71209663,0.7287746417265004
2016-11-27 20:19:00,0.714013,0.7310072646535892
2016-11-27 20:20:00,0.7135489,0.7305102947937041
2016-11-27 20:21:00,0.71230996,0.7290882231517753
2016-11-27 20:22:00,0.7007363,0.7151076764586155
2016-11-27 20:23:00,0.7718631,0.7949919989768798
2016-11-27 20:24:00,1.4650738,1.5221735930230833
2016-11-27 20:25:00,1.2274659,1.2613616308035431
2016-11-27 20:26:00,1.4497073,1.5068573232001097
2016-11-27 20:27:00,1.4615369,1.5186616469916745
2016-11-27 20:28:00,1.1721947,1.1973307278859204
2016-11-27 20:29:00,0.61309564,0.6151898536428885
2016-11-27 20:30:00,0.705694,0.7201179911453078
2016-11-27 20:31:00,1.0356128,1.0674316844847258
2016-11-27 20:32:00,1.657814,1.70833827487211
2016-11-27 20:33:00,1.6155583,1.6706999099746322
2016-11-27 20:34:00,1.6191462,1.6739683819512212
2016-11-27 20:35:00,1.6241447,1.678605077370461
2016-11-27 20:36:00,1.6229595,1.677466567923288
2016-11-27 20:37:00,1.6241859,1.678629584647059
2016-11-27 20:38:00,1.6936831,1.7381257286382867
2016-11-27 20:39:00,1.6201726,1.6749354500789246
2016-11-27 20:40:00,1.6285044,1.6825629228007828
2016-11-27 20:41:00,1.6342474,1.6878611209996404
2016-11-27 20:42:00,1.6316448,1.6854644556891702
2016-11-27 20:43:00,1.6307386,1.6846215831394382
2016-11-27 20:44:00,1.6209133,1.6754598527055151
2016-11-27 20:45:00,1.6172413,1.6720380102271637
2016-11-27 20:46:00,1.6286577,1.6826681697871817
2016-11-27 20:47:00,1.6219505,1.6765074461057838
2016-11-27 20:48:00,1.6136097,1.6687780575795508
2016-11-27 20:49:00,1.6021172,1.657777867690303
2016-11-27 20:50:00,1.6010253,1.656666077222174
2016-11-27 20:51:00,0.950084,0.9876788690170136
2016-11-27 20:52:00,0.70192033,0.7163086783792559
2016-11-27 20:53:00,0.6977514,0.7112416601551304
2016-11-27 20:54:00,0.69452655,0.707306972903579
2016-11-27 20:55:00,0.6927049,0.7050727414436713
2016-11-27 20:56:00,0.69218963,0.7044196189761427
2016-11-27 20:57:00,0.6944535,0.7071763272204956
2016-11-27 20:58:00,0.6933256,0.7057959304107986
2016-11-27 20:59:00,0.6930431,0.705447157423032
2016-11-27 21:00:00,0.6988711,0.7124458530438545
2016-11-27 21:01:00,0.6992776,0.7129524011075995
2016-11-27 21:02:00,0.6986593,0.7121881014055236
2016-11-27 21:03:00,0.6972973,0.7105293955290852
2016-11-27 21:04:00,0.70034593,0.7142789015320683
2016-11-27 21:05:00,0.6987524,0.7123106888336556
2016-11-27 21:06:00,0.6972462,0.7104885747240696
2016-11-27 21:07:00,0.6974132,0.7107232854721092
2016-11-27 21:08:00,0.6961535,0.7092042705332858
2016-11-27 21:09:00,0.6883344,0.6998668137082541
2016-11-27 21:10:00,0.6884361,0.6999733341878361
2016-11-27 21:11:00,0.68824255,0.6997334215227723
2016-11-27 21:12:00,0.69518554,0.7082175509477653
2016-11-27 21:13:00,0.6848615,0.6956207736444642
2016-11-27 21:14:00,0.6866806,0.6978318548408702
2016-11-27 21:15:00,0.68761075,0.698960356446507
2016-11-27 21:16:00,0.6866466,0.6977939833268548
2016-11-27 21:17:00,0.68697643,0.6982071192754793
2016-11-27 21:18:00,0.6890143,0.700650837422183
2016-11-27 21:19:00,0.6886825,0.7002319771594154
2016-11-27 21:20:00,0.69681054,0.7099670989749177
2016-11-27 21:21:00,0.69601464,0.7090283500699813
2016-11-27 21:22:00,0.69768214,0.7111021938288526
2016-11-27 21:23:00,0.6985532,0.7121592887086026
2016-11-27 21:24:00,0.69724333,0.7105522521170845
2016-11-27 21:25:00,0.6977788,0.7112220410097262
2016-11-27 21:26:00,0.6973886,0.7107117511537825
2016-11-27 21:27:00,0.695925,0.7089192565224905
2016-11-27 21:28:00,0.69745725,0.7107741543167106
2016-11-27 21:29:00,0.6988423,0.7124693148546112
2016-11-27 21:30:00,0.69448674,0.7071768061259291
2016-11-27 21:31:00,0.69438255,0.7070428622104551
2016-11-27 21:32:00,0.7024853,0.7169655830403081
2016-11-27 21:33:00,0.7461364,0.7634981946526423
2016-11-27 21:34:00,0.7461741,0.7635192205687729
2016-11-27 21:35:00,0.7391641,0.7557696642935386
2016-11-27 21:36:00,0.7396666,0.7563750116701623
2016-11-27 21:37:00,0.74085397,0.7577479233751443
2016-11-27 21:38:00,0.74087083,0.7577910797357379
2016-11-27 21:39:00,0.7387929,0.7554471651176154
2016-11-27 21:40:00,0.74045646,0.7573661833935221
2016-11-27 21:41:00,0.7393513,0.7560641322412378
2016-11-27 21:42:00,0.7401267,0.7569297425191531
2016-11-27 21:43:00,0.6924746,0.7046648158425609
2016-11-27 21:44:00,0.69235116,0.7045472526548061
2016-11-27 21:45:00,0.69668317,0.709862100172857
2016-11-27 21:46:00,0.6967351,0.709904667302803
2016-11-27 21:47:00,0.69573784,0.7086956106982689
2016-11-27 21:48:00,0.6952124,0.7080827852749564
2016-11-27 21:49:00,0.695507,0.708428517005669
2016-11-27 21:50:00,0.69569397,0.708657421468695
2016-11-27 21:51:00,0.6957267,0.7086979420936119
2016-11-27 21:52:00,0.69661546,0.70980503331307
2016-11-27 21:53:00,0.6953468,0.7082526592927495
2016-11-27 21:54:00,0.6945145,0.7072077062079201
2016-11-27 21:55:00,0.6957063,0.7086870058934029
2016-11-27 21:56:00,0.69586766,0.7088867854637059
2016-11-27 21:57:00,0.6954017,0.7082843816392936
2016-11-27 21:58:00,0.69376564,0.7061826960004024
2016-11-27 21:59:00,0.6998917,0.7132869545632495
2016-11-27 22:00:00,0.70324624,0.7171787925154031
2016-11-27 22:01:00,0.70163834,0.7153125608006186
2016-11-27 22:02:00,0.69993156,0.7133276174708464
2016-11-27 22:03:00,0.7006355,0.7141545837205382
2016-11-27 22:04:00,0.6999282,0.7133267505504727
2016-11-27 22:05:00,0.69925976,0.7125705285917705
2016-11-27 22:06:00,0.6995569,0.712936324057467
2016-11-27 22:07:00,0.6987566,0.7120427930999093
2016-11-27 22:08:00,0.70071477,0.7142910265009357
2016-11-27 22:09:00,0.69950604,0.7128443700180003
2016-11-27 22:10:00,0.6979728,0.7110934737644037
2016-11-27 22:11:00,0.6947,0.7072968850171351
2016-11-27 22:12:00,0.6909764,0.7027769176257967
2016-11-27 22:13:00,0.688973,0.7003685394503257
2016-11-27 22:14:00,0.68984306,0.7014230135556622
2016-11-27 22:15:00,0.6905773,0.7023051117274075
2016-11-27 22:16:00,0.6904978,0.7022020681469295
2016-11-27 22:17:00,0.69062144,0.7023476172346534
2016-11-27 22:18:00,0.69023204,0.70188244722178
2016-11-27 22:19:00,0.68962425,0.7011628361684978
2016-11-27 22:20:00,0.68916714,0.7006065470856101
2016-11-27 22:21:00,0.69060445,0.7023768228340292
2016-11-27 22:22:00,0.68879974,0.7002162797698163
2016-11-27 22:23:00,0.6887893,0.7002097700289233
2016-11-27 22:24:00,0.6874827,0.6985803742305289
2016-11-27 22:25:00,0.6881429,0.6993848619294573
2016-11-27 22:26:00,0.3691926,0.3724292222444094
2016-11-27 22:27:00,0.27388352,0.2673647809283933
2016-11-27 22:28:00,0.2715502,0.2650230120827552
2016-11-27 22:29:00,0.27089024,0.2643723509895898
2016-11-27 22:30:00,0.27442428,0.2680231712648225
2016-11-27 22:31:00,0.27276564,0.2663719749663343
2016-11-27 22:32:00,0.28188834,0.2752615315882529
2016-11-27 22:33:00,0.32661057,0.3195865794896569
2016-11-27 22:34:00,0.3241787,0.3169863700503962
2016-11-27 22:35:00,0.28040284,0.2737861146193796
2016-11-27 22:36:00,0.28503448,0.2780776862832343
2016-11-27 22:37:00,0.2899618,0.2827120498232937
2016-11-27 22:38:00,0.2917305,0.2843668045191316
2016-11-27 22:39:00,0.2830103,0.2761700493248629
2016-11-27 22:40:00,0.28071398,0.27403269977669
2016-11-27 22:41:00,0.28403658,0.2769871578809858
2016-11-27 22:42:00,0.28310102,0.2761152648206773
2016-11-27 22:43:00,0.2736653,0.2671848932898292
2016-11-27 22:44:00,0.27262267,0.266102293379403
2016-11-27 22:45:00,0.2725219,0.2659836177895942
2016-11-27 22:46:00,0.27263466,0.2661382695994587
2016-11-27 22:47:00,0.27293706,0.2663881185255765
2016-11-27 22:48:00,0.27223903,0.2657087299137818
2016-11-27 22:49:00,0.2725551,0.2659947890573835
2016-11-27 22:50:00,0.26924464,0.2628601862058527
2016-11-27 22:51:00,0.27060616,0.264169940067091
2016-11-27 22:52:00,0.27502844,0.2683923931772768
2016-11-27 22:53:00,0.27497146,0.2683395660985295
2016-11-27 22:54:00,0.26814908,0.2616485948682669
2016-11-27 22:55:00,0.26759043,0.2606485328116354
2016-11-27 22:56:00,0.26993912,0.2634958617836994
2016-11-27 22:57:00,0.27058616,0.2641068622741007
2016-11-27 22:58:00,0.28284824,0.2762153605251965
2016-11-27 22:59:00,0.31881264,0.3137824379917917
2016-11-27 23:00:00,0.32192752,0.3176429499597591
2016-11-27 23:01:00,0.3254733,0.3220358245395621
2016-11-27 23:02:00,0.30963236,0.3022105142061326
2016-11-27 23:03:00,0.24893048,0.236048102645537
2016-11-27 23:04:00,0.25076267,0.2384495620097621
2016-11-27 23:05:00,0.24818772,0.2351978290374297
2016-11-27 23:06:00,0.2473247,0.23416419511016
2016-11-27 23:07:00,0.25115666,0.2389829031722664
2016-11-27 23:08:00,0.25254968,0.2408118465635697
2016-11-27 23:09:00,0.2475307,0.2343815268213396
2016-11-27 23:10:00,0.24450956,0.2306229068126749
2016-11-27 23:11:00,0.31867856,0.3133810770129158
2016-11-27 23:12:00,0.3220745,0.3174597210556674
2016-11-27 23:13:00,0.32340884,0.3191681405948461
2016-11-27 23:14:00,0.31527063,0.309098536874901
2016-11-27 23:15:00,0.31603494,0.3100546537940729
2016-11-27 23:16:00,0.31118447,0.3037624795859276
2016-11-27 23:17:00,0.27591446,0.2693152135303466
2016-11-27 23:18:00,0.5613222,0.5648716971082135
2016-11-27 23:19:00,0.7662059,0.7760319090268155
2016-11-27 23:20:00,0.7784727,0.7886610718057823
2016-11-27 23:21:00,0.7646282,0.7742513952298996
2016-11-27 23:22:00,0.5586052,0.561786537805194
2016-11-27 23:23:00,0.26082832,0.2520924859780372
2016-11-27 23:24:00,0.26702172,0.2601938316792181
2016-11-27 23:25:00,0.26333126,0.255231570778431
2016-11-27 23:26:00,0.231939,0.2184873911972568
2016-11-27 23:27:00,0.21312484,0.2008713050153344
2016-11-27 23:28:00,0.21536967,0.2027868658217776
2016-11-27 23:29:00,0.19288471,0.1870728032053312
2016-11-27 23:30:00,0.17863175,0.1710811683304533
2016-11-27 23:31:00,0.17726383,0.1693323935049857
2016-11-27 23:32:00,0.17916706,0.1717741920931332
2016-11-27 23:33:00,0.17743826,0.1695621632046418
2016-11-27 23:34:00,0.17854887,0.1709789444075466
2016-11-27 23:35:00,0.17714274,0.1691633635705596
2016-11-27 23:36:00,0.17734441,0.1691690474195454
2016-11-27 23:37:00,0.1791949,0.1713693659134421
2016-11-27 23:38:00,0.18089184,0.1734468950483876
2016-11-27 23:39:00,0.17460278,0.1655373291661019
2016-11-27 23:40:00,0.17390752,0.164603941876945
2016-11-27 23:41:00,0.17327502,0.1638161592675827
2016-11-27 23:42:00,0.1740695,0.1648356479130816
2016-11-27 23:43:00,0.18168259,0.1743376617061409
2016-11-27 23:44:00,0.17837676,0.1703155999824842
2016-11-27 23:45:00,0.17395929,0.1646390561321429
2016-11-27 23:46:00,0.17324296,0.1636921026922832
2016-11-27 23:47:00,0.17479154,0.1656221496649465
2016-11-27 23:48:00,0.1733078,0.1637564942484078
2016-11-27 23:49:00,0.17375478,0.1642886627293669
2016-11-27 23:50:00,0.17261073,0.1629264817669367
2016-11-27 23:51:00,0.173478,0.1640194332480883
2016-11-27 23:52:00,0.18046948,0.1728816218219849
2016-11-27 23:53:00,0.18255472,0.1758663823133081
2016-11-27 23:54:00,0.17814055,0.1701991794277895
2016-11-27 23:55:00,0.1758208,0.167316086123306
2016-11-27 23:56:00,0.26976693,0.2632212782883393
2016-11-27 23:57:00,0.26702476,0.259738152536027
2016-11-27 23:58:00,0.27197945,0.2654349159468017
2016-11-27 23:59:00,0.2703974,0.2640717380528786
