Date & Time,0
2016-11-27 02:05:00,0.27425927
2016-11-27 02:06:00,0.24886554
2016-11-27 02:07:00,0.2534995
2016-11-27 02:08:00,0.2645676
2016-11-27 02:09:00,0.2614845
2016-11-27 02:10:00,0.26206082
2016-11-27 02:11:00,0.25017217
2016-11-27 02:12:00,0.25117347
2016-11-27 02:13:00,0.25023037
2016-11-27 02:14:00,0.25006533
2016-11-27 02:15:00,0.24989371
2016-11-27 02:16:00,0.25002968
2016-11-27 02:17:00,0.24813223
2016-11-27 02:18:00,0.25502416
2016-11-27 02:19:00,0.26187658
2016-11-27 02:20:00,0.22892056
2016-11-27 02:21:00,0.18476236
2016-11-27 02:22:00,0.18507051
2016-11-27 02:23:00,0.19199932
2016-11-27 02:24:00,0.18622422
2016-11-27 02:25:00,0.18430251
2016-11-27 02:26:00,0.1836927
2016-11-27 02:27:00,0.18416947
2016-11-27 02:28:00,0.18412477
2016-11-27 02:29:00,0.18422493
2016-11-27 02:30:00,0.18107787
2016-11-27 02:31:00,0.17835265
2016-11-27 02:32:00,0.17799205
2016-11-27 02:33:00,0.17818803
2016-11-27 02:34:00,0.17957217
2016-11-27 02:35:00,0.19635937
2016-11-27 02:36:00,0.17828879
2016-11-27 02:37:00,0.17839566
2016-11-27 02:38:00,0.18149298
2016-11-27 02:39:00,0.18155563
2016-11-27 02:40:00,0.17754859
2016-11-27 02:41:00,0.17737415
2016-11-27 02:42:00,0.1769526
2016-11-27 02:43:00,0.17747891
2016-11-27 02:44:00,0.17685461
2016-11-27 02:45:00,0.17748708
2016-11-27 02:46:00,0.17745227
2016-11-27 02:47:00,0.17691502
2016-11-27 02:48:00,0.17733899
2016-11-27 02:49:00,0.17887735
2016-11-27 02:50:00,0.19245729
2016-11-27 02:51:00,0.17721242
2016-11-27 02:52:00,0.1775229
2016-11-27 02:53:00,0.1773889
2016-11-27 02:54:00,0.18552625
2016-11-27 02:55:00,0.17779744
2016-11-27 02:56:00,0.17736936
2016-11-27 02:57:00,0.1773651
2016-11-27 02:58:00,0.17764837
2016-11-27 02:59:00,0.17611647
2016-11-27 03:00:00,0.17746359
2016-11-27 03:01:00,0.17747512
2016-11-27 03:02:00,0.1772565
2016-11-27 03:03:00,0.17669362
2016-11-27 03:04:00,0.17856774
2016-11-27 03:05:00,0.29187554
2016-11-27 03:06:00,0.25751498
2016-11-27 03:07:00,0.2545972
2016-11-27 03:08:00,0.25205106
2016-11-27 03:09:00,0.25833824
2016-11-27 03:10:00,0.25574923
2016-11-27 03:11:00,0.24895005
2016-11-27 03:12:00,0.24827038
2016-11-27 03:13:00,0.25197816
2016-11-27 03:14:00,0.261509
2016-11-27 03:15:00,0.25268525
2016-11-27 03:16:00,0.25169116
2016-11-27 03:17:00,0.2504652
2016-11-27 03:18:00,0.2514647
2016-11-27 03:19:00,0.25118586
2016-11-27 03:20:00,0.27684915
2016-11-27 03:21:00,0.2504471
2016-11-27 03:22:00,0.24919966
2016-11-27 03:23:00,0.24892825
2016-11-27 03:24:00,0.2501948
2016-11-27 03:25:00,0.25951147
2016-11-27 03:26:00,0.24766934
2016-11-27 03:27:00,0.24794298
2016-11-27 03:28:00,0.25254345
2016-11-27 03:29:00,0.21941732
2016-11-27 03:30:00,0.17892736
2016-11-27 03:31:00,0.18301448
2016-11-27 03:32:00,0.18224055
2016-11-27 03:33:00,0.1820851
2016-11-27 03:34:00,0.18329573
2016-11-27 03:35:00,0.19839463
2016-11-27 03:36:00,0.18496826
2016-11-27 03:37:00,0.18403322
2016-11-27 03:38:00,0.18379408
2016-11-27 03:39:00,0.1835928
2016-11-27 03:40:00,0.190101
2016-11-27 03:41:00,0.1855107
2016-11-27 03:42:00,0.18262362
2016-11-27 03:43:00,0.17786154
2016-11-27 03:44:00,0.1781011
2016-11-27 03:45:00,0.17793822
2016-11-27 03:46:00,0.1779196
2016-11-27 03:47:00,0.17750758
2016-11-27 03:48:00,0.17752376
2016-11-27 03:49:00,0.17848414
2016-11-27 03:50:00,0.19378579
2016-11-27 03:51:00,0.17863667
2016-11-27 03:52:00,0.17782938
2016-11-27 03:53:00,0.17752832
2016-11-27 03:54:00,0.1778996
2016-11-27 03:55:00,0.17998117
2016-11-27 03:56:00,0.1841565
2016-11-27 03:57:00,0.17738062
2016-11-27 03:58:00,0.17746633
2016-11-27 03:59:00,0.17772439
2016-11-27 04:00:00,0.17743263
2016-11-27 04:01:00,0.17732239
2016-11-27 04:02:00,0.17726648
2016-11-27 04:03:00,0.17698342
2016-11-27 04:04:00,0.17795092
2016-11-27 04:05:00,0.1900315
2016-11-27 04:06:00,0.17824337
2016-11-27 04:07:00,0.1769802
2016-11-27 04:08:00,0.17735755
2016-11-27 04:09:00,0.17726815
2016-11-27 04:10:00,0.17678496
2016-11-27 04:11:00,0.23074856
2016-11-27 04:12:00,0.25852907
2016-11-27 04:13:00,0.25461447
2016-11-27 04:14:00,0.2513266
2016-11-27 04:15:00,0.25019133
2016-11-27 04:16:00,0.24811506
2016-11-27 04:17:00,0.24682151
2016-11-27 04:18:00,0.24754015
2016-11-27 04:19:00,0.24806532
2016-11-27 04:20:00,0.27356285
2016-11-27 04:21:00,0.2534986
2016-11-27 04:22:00,0.25158158
2016-11-27 04:23:00,0.25065333
2016-11-27 04:24:00,0.25006068
2016-11-27 04:25:00,0.24881834
2016-11-27 04:26:00,0.25686124
2016-11-27 04:27:00,0.2544267
2016-11-27 04:28:00,0.25814143
2016-11-27 04:29:00,0.4527776
2016-11-27 04:30:00,1.1268244
2016-11-27 04:31:00,1.125432
2016-11-27 04:32:00,1.1247498
2016-11-27 04:33:00,1.1409525
2016-11-27 04:34:00,1.1196301
2016-11-27 04:35:00,0.33427233
2016-11-27 04:36:00,0.31079194
2016-11-27 04:37:00,0.34696376
2016-11-27 04:38:00,0.3211747
2016-11-27 04:39:00,0.31867707
2016-11-27 04:40:00,0.31838995
2016-11-27 04:41:00,0.31600577
2016-11-27 04:42:00,0.18791717
2016-11-27 04:43:00,0.18147916
2016-11-27 04:44:00,0.18349254
2016-11-27 04:45:00,0.18272704
2016-11-27 04:46:00,0.18298474
2016-11-27 04:47:00,0.18304247
2016-11-27 04:48:00,0.1830531
2016-11-27 04:49:00,0.18365556
2016-11-27 04:50:00,0.19903332
2016-11-27 04:51:00,0.18602178
2016-11-27 04:52:00,0.18328077
2016-11-27 04:53:00,0.18284535
2016-11-27 04:54:00,0.18286705
2016-11-27 04:55:00,0.17878261
2016-11-27 04:56:00,0.17734796
2016-11-27 04:57:00,0.18285918
2016-11-27 04:58:00,0.18107218
2016-11-27 04:59:00,0.17698002
2016-11-27 05:00:00,0.17700079
2016-11-27 05:01:00,0.17726082
2016-11-27 05:02:00,0.17969146
2016-11-27 05:03:00,0.18122947
2016-11-27 05:04:00,0.17692882
2016-11-27 05:05:00,0.18843141
2016-11-27 05:06:00,0.17947787
2016-11-27 05:07:00,0.17667204
2016-11-27 05:08:00,0.17666644
2016-11-27 05:09:00,0.17703962
2016-11-27 05:10:00,0.17667365
2016-11-27 05:11:00,0.17751962
2016-11-27 05:12:00,0.1789819
2016-11-27 05:13:00,0.18467528
2016-11-27 05:14:00,0.17695555
2016-11-27 05:15:00,0.21263462
2016-11-27 05:16:00,0.25744945
2016-11-27 05:17:00,0.255366
2016-11-27 05:18:00,0.2507702
2016-11-27 05:19:00,0.24970692
2016-11-27 05:20:00,0.2667392
2016-11-27 05:21:00,0.25255752
2016-11-27 05:22:00,0.24645756
2016-11-27 05:23:00,0.24541743
2016-11-27 05:24:00,0.25057605
2016-11-27 05:25:00,0.2501192
2016-11-27 05:26:00,0.25064656
2016-11-27 05:27:00,0.2544523
2016-11-27 05:28:00,0.2708158
2016-11-27 05:29:00,0.25527972
2016-11-27 05:30:00,0.24753481
2016-11-27 05:31:00,0.2482883
2016-11-27 05:32:00,0.24663943
2016-11-27 05:33:00,0.24744567
2016-11-27 05:34:00,0.24553266
2016-11-27 05:35:00,0.26871574
2016-11-27 05:36:00,0.2507717
2016-11-27 05:37:00,0.24566463
2016-11-27 05:38:00,0.24551067
2016-11-27 05:39:00,0.24466625
2016-11-27 05:40:00,0.24447009
2016-11-27 05:41:00,0.24495819
2016-11-27 05:42:00,0.18250883
2016-11-27 05:43:00,0.18004304
2016-11-27 05:44:00,0.18222946
2016-11-27 05:45:00,0.1766333
2016-11-27 05:46:00,0.17688459
2016-11-27 05:47:00,0.17616138
2016-11-27 05:48:00,0.17699283
2016-11-27 05:49:00,0.20118856
2016-11-27 05:50:00,0.23203257
2016-11-27 05:51:00,0.22050679
2016-11-27 05:52:00,0.21171193
2016-11-27 05:53:00,0.21123421
2016-11-27 05:54:00,0.21101752
2016-11-27 05:55:00,0.21705304
2016-11-27 05:56:00,0.22374779
2016-11-27 05:57:00,0.22300066
2016-11-27 05:58:00,0.219334
2016-11-27 05:59:00,0.37523887
2016-11-27 06:00:00,0.6939547
2016-11-27 06:01:00,0.34914947
2016-11-27 06:02:00,0.22191787
2016-11-27 06:03:00,0.22322197
2016-11-27 06:04:00,0.22213966
2016-11-27 06:05:00,0.23844671
2016-11-27 06:06:00,0.23155147
2016-11-27 06:07:00,0.21489067
2016-11-27 06:08:00,0.21119495
2016-11-27 06:09:00,0.2115213
2016-11-27 06:10:00,0.2126095
2016-11-27 06:11:00,0.2104616
2016-11-27 06:12:00,0.21037932
2016-11-27 06:13:00,0.21072641
2016-11-27 06:14:00,0.21937671
2016-11-27 06:15:00,0.21848695
2016-11-27 06:16:00,0.21234304
2016-11-27 06:17:00,0.21039967
2016-11-27 06:18:00,0.21117766
2016-11-27 06:19:00,0.2106684
2016-11-27 06:20:00,0.2294137
2016-11-27 06:21:00,0.31939292
2016-11-27 06:22:00,0.30019692
2016-11-27 06:23:00,0.2533819
2016-11-27 06:24:00,0.25015676
2016-11-27 06:25:00,0.24851303
2016-11-27 06:26:00,0.2475186
2016-11-27 06:27:00,0.24695927
2016-11-27 06:28:00,0.2860272
2016-11-27 06:29:00,0.29276225
2016-11-27 06:30:00,0.27922407
2016-11-27 06:31:00,0.25310123
2016-11-27 06:32:00,0.25010598
2016-11-27 06:33:00,0.24951234
2016-11-27 06:34:00,0.25534403
2016-11-27 06:35:00,0.30719548
2016-11-27 06:36:00,0.29263762
2016-11-27 06:37:00,0.248106
2016-11-27 06:38:00,0.24683452
2016-11-27 06:39:00,0.24655403
2016-11-27 06:40:00,0.24563041
2016-11-27 06:41:00,0.24584374
2016-11-27 06:42:00,0.26480708
2016-11-27 06:43:00,0.28877145
2016-11-27 06:44:00,0.28895858
2016-11-27 06:45:00,0.29757786
2016-11-27 06:46:00,0.30003104
2016-11-27 06:47:00,0.29832834
2016-11-27 06:48:00,0.24007481
2016-11-27 06:49:00,0.20992437
2016-11-27 06:50:00,0.22568291
2016-11-27 06:51:00,0.23337916
2016-11-27 06:52:00,0.21614872
2016-11-27 06:53:00,0.21033978
2016-11-27 06:54:00,0.21089205
2016-11-27 06:55:00,0.2113553
2016-11-27 06:56:00,0.2109018
2016-11-27 06:57:00,0.21202059
2016-11-27 06:58:00,0.21153146
2016-11-27 06:59:00,0.21102974
2016-11-27 07:00:00,0.2156995
2016-11-27 07:01:00,0.22602245
2016-11-27 07:02:00,0.21115114
2016-11-27 07:03:00,0.21253839
2016-11-27 07:04:00,0.21206379
2016-11-27 07:05:00,0.20292896
2016-11-27 07:06:00,0.3570452
2016-11-27 07:07:00,0.48229545
2016-11-27 07:08:00,0.6841997
2016-11-27 07:09:00,0.6840291
2016-11-27 07:10:00,0.6724593
2016-11-27 07:11:00,0.63759565
2016-11-27 07:12:00,0.6439855
2016-11-27 07:13:00,0.6471524
2016-11-27 07:14:00,0.6847266
2016-11-27 07:15:00,0.6747945
2016-11-27 07:16:00,0.6448163
2016-11-27 07:17:00,0.6587107
2016-11-27 07:18:00,0.6589624
2016-11-27 07:19:00,1.4266872
2016-11-27 07:20:00,1.1601778
2016-11-27 07:21:00,1.4846116
2016-11-27 07:22:00,1.2863588
2016-11-27 07:23:00,0.6764134
2016-11-27 07:24:00,0.67408127
2016-11-27 07:25:00,0.6744095
2016-11-27 07:26:00,0.6738275
2016-11-27 07:27:00,0.7396906
2016-11-27 07:28:00,0.74632204
2016-11-27 07:29:00,0.74418604
2016-11-27 07:30:00,0.7415853
2016-11-27 07:31:00,0.74026155
2016-11-27 07:32:00,0.7413433
2016-11-27 07:33:00,0.73926556
2016-11-27 07:34:00,0.7388178
2016-11-27 07:35:00,0.7380109
2016-11-27 07:36:00,0.74318254
2016-11-27 07:37:00,0.74084204
2016-11-27 07:38:00,0.74182475
2016-11-27 07:39:00,0.7400015
2016-11-27 07:40:00,0.7405437
2016-11-27 07:41:00,0.7983562
2016-11-27 07:42:00,0.8122902
2016-11-27 07:43:00,0.8114886
2016-11-27 07:44:00,0.81094307
2016-11-27 07:45:00,0.8106054
2016-11-27 07:46:00,0.816149
2016-11-27 07:47:00,0.8229857
2016-11-27 07:48:00,0.81603646
2016-11-27 07:49:00,0.81321716
2016-11-27 07:50:00,0.8138421
2016-11-27 07:51:00,0.81579643
2016-11-27 07:52:00,0.8102569
2016-11-27 07:53:00,1.3561375
2016-11-27 07:54:00,1.3254392
2016-11-27 07:55:00,1.2773128
2016-11-27 07:56:00,1.2961683
2016-11-27 07:57:00,1.4984795
2016-11-27 07:58:00,2.8466477
2016-11-27 07:59:00,1.3094245
2016-11-27 08:00:00,0.8579781
2016-11-27 08:01:00,0.7783709
2016-11-27 08:02:00,0.76697385
2016-11-27 08:03:00,0.7177949
2016-11-27 08:04:00,0.71663463
2016-11-27 08:05:00,0.71782154
2016-11-27 08:06:00,0.71980435
2016-11-27 08:07:00,0.71627784
2016-11-27 08:08:00,0.71749496
2016-11-27 08:09:00,0.71797764
2016-11-27 08:10:00,0.71916574
2016-11-27 08:11:00,0.7182946
2016-11-27 08:12:00,0.71965545
2016-11-27 08:13:00,0.7204699
2016-11-27 08:14:00,0.7215389
2016-11-27 08:15:00,0.7215652
2016-11-27 08:16:00,0.72024643
2016-11-27 08:17:00,0.7196981
2016-11-27 08:18:00,0.7204
2016-11-27 08:19:00,0.72080845
2016-11-27 08:20:00,0.76055026
2016-11-27 08:21:00,0.76145613
2016-11-27 08:22:00,0.7604474
2016-11-27 08:23:00,0.7581865
2016-11-27 08:24:00,0.763919
2016-11-27 08:25:00,0.796622
2016-11-27 08:26:00,0.83131826
2016-11-27 08:27:00,0.8671613
2016-11-27 08:28:00,0.890869
2016-11-27 08:29:00,0.9486564
2016-11-27 08:30:00,0.94041514
2016-11-27 08:31:00,0.91008055
2016-11-27 08:32:00,0.91034627
2016-11-27 08:33:00,0.9066138
2016-11-27 08:34:00,0.90808487
2016-11-27 08:35:00,0.90584314
2016-11-27 08:36:00,0.9089959
2016-11-27 08:37:00,0.9063735
2016-11-27 08:38:00,0.90630245
2016-11-27 08:39:00,0.90217376
2016-11-27 08:40:00,0.91370416
2016-11-27 08:41:00,0.94703174
2016-11-27 08:42:00,0.9454125
2016-11-27 08:43:00,0.94408596
2016-11-27 08:44:00,0.9431094
2016-11-27 08:45:00,0.9419516
2016-11-27 08:46:00,0.9538749
2016-11-27 08:47:00,0.95184743
2016-11-27 08:48:00,0.9539467
2016-11-27 08:49:00,0.9526872
2016-11-27 08:50:00,0.9522711
2016-11-27 08:51:00,0.95464283
2016-11-27 08:52:00,0.95113575
2016-11-27 08:53:00,0.94986176
2016-11-27 08:54:00,0.95006824
2016-11-27 08:55:00,0.9453576
2016-11-27 08:56:00,0.93981
2016-11-27 08:57:00,0.93786126
2016-11-27 08:58:00,0.9377079
2016-11-27 08:59:00,0.93727076
2016-11-27 09:00:00,0.90044254
2016-11-27 09:01:00,0.8965749
2016-11-27 09:02:00,0.89712507
2016-11-27 09:03:00,0.89743197
2016-11-27 09:04:00,0.89608437
2016-11-27 09:05:00,0.89758873
2016-11-27 09:06:00,0.9055691
2016-11-27 09:07:00,0.90332043
2016-11-27 09:08:00,0.90291077
2016-11-27 09:09:00,0.90179896
2016-11-27 09:10:00,0.9020438
2016-11-27 09:11:00,0.9023121
2016-11-27 09:12:00,0.9031652
2016-11-27 09:13:00,0.902563
2016-11-27 09:14:00,0.90216184
2016-11-27 09:15:00,0.8965595
2016-11-27 09:16:00,0.89142966
2016-11-27 09:17:00,0.7827737
2016-11-27 09:18:00,0.783602
2016-11-27 09:19:00,0.7831315
2016-11-27 09:20:00,0.7845299
2016-11-27 09:21:00,0.78531253
2016-11-27 09:22:00,0.78238094
2016-11-27 09:23:00,0.78212774
2016-11-27 09:24:00,0.7813068
2016-11-27 09:25:00,0.78521216
2016-11-27 09:26:00,0.79213566
2016-11-27 09:27:00,0.7939465
2016-11-27 09:28:00,0.79488313
2016-11-27 09:29:00,0.7957246
2016-11-27 09:30:00,0.7954857
2016-11-27 09:31:00,0.79537785
2016-11-27 09:32:00,0.79311526
2016-11-27 09:33:00,0.8027827
2016-11-27 09:34:00,0.8054646
2016-11-27 09:35:00,0.79975235
2016-11-27 09:36:00,0.79817295
2016-11-27 09:37:00,0.795385
2016-11-27 09:38:00,0.8263078
2016-11-27 09:39:00,0.8597188
2016-11-27 09:40:00,0.8599559
2016-11-27 09:41:00,0.8572236
2016-11-27 09:42:00,0.85833764
2016-11-27 09:43:00,0.85748297
2016-11-27 09:44:00,0.8573721
2016-11-27 09:45:00,0.8557695
2016-11-27 09:46:00,0.84765756
2016-11-27 09:47:00,0.8488991
2016-11-27 09:48:00,0.8476515
2016-11-27 09:49:00,0.84716904
2016-11-27 09:50:00,0.8500371
2016-11-27 09:51:00,0.8517638
2016-11-27 09:52:00,0.84758747
2016-11-27 09:53:00,0.84776527
2016-11-27 09:54:00,0.8475057
2016-11-27 09:55:00,0.8481698
2016-11-27 09:56:00,0.8491347
2016-11-27 09:57:00,0.84712917
2016-11-27 09:58:00,0.84583
2016-11-27 09:59:00,0.84792423
2016-11-27 10:00:00,0.84605736
2016-11-27 10:01:00,0.7247771
2016-11-27 10:02:00,0.7204001
2016-11-27 10:03:00,0.7193982
2016-11-27 10:04:00,0.71873313
2016-11-27 10:05:00,0.718472
2016-11-27 10:06:00,0.722272
2016-11-27 10:07:00,0.71795875
2016-11-27 10:08:00,0.72597855
2016-11-27 10:09:00,0.72910976
2016-11-27 10:10:00,0.7144436
2016-11-27 10:11:00,0.71706676
2016-11-27 10:12:00,0.7181971
2016-11-27 10:13:00,0.7205291
2016-11-27 10:14:00,0.8123195
2016-11-27 10:15:00,1.5588166
2016-11-27 10:16:00,2.1429853
2016-11-27 10:17:00,1.2027318
2016-11-27 10:18:00,0.8524082
2016-11-27 10:19:00,0.85838765
2016-11-27 10:20:00,0.84407383
2016-11-27 10:21:00,0.84661734
2016-11-27 10:22:00,0.8426559
2016-11-27 10:23:00,0.84346634
2016-11-27 10:24:00,0.84284675
2016-11-27 10:25:00,0.84235626
2016-11-27 10:26:00,0.8431158
2016-11-27 10:27:00,0.84325135
2016-11-27 10:28:00,0.8012855
2016-11-27 10:29:00,0.7937271
2016-11-27 10:30:00,0.7945536
2016-11-27 10:31:00,0.82889646
2016-11-27 10:32:00,0.84132624
2016-11-27 10:33:00,0.8332572
2016-11-27 10:34:00,0.78760624
2016-11-27 10:35:00,0.78618443
2016-11-27 10:36:00,0.78637034
2016-11-27 10:37:00,0.79697824
2016-11-27 10:38:00,0.7728208
2016-11-27 10:39:00,0.7342136
2016-11-27 10:40:00,0.7188567
2016-11-27 10:41:00,0.7192857
2016-11-27 10:42:00,0.71823144
2016-11-27 10:43:00,0.7180362
2016-11-27 10:44:00,0.7188672
2016-11-27 10:45:00,0.7183603
2016-11-27 10:46:00,0.7255471
2016-11-27 10:47:00,0.7275434
2016-11-27 10:48:00,0.72820175
2016-11-27 10:49:00,0.72800726
2016-11-27 10:50:00,0.72868884
2016-11-27 10:51:00,0.730216
2016-11-27 10:52:00,0.72908866
2016-11-27 10:53:00,0.728845
2016-11-27 10:54:00,0.72699606
2016-11-27 10:55:00,0.7272037
2016-11-27 10:56:00,0.727394
2016-11-27 10:57:00,0.72771573
2016-11-27 10:58:00,0.72599256
2016-11-27 10:59:00,0.75636905
2016-11-27 11:00:00,1.3313361
2016-11-27 11:01:00,2.15633
2016-11-27 11:02:00,0.8178247
2016-11-27 11:03:00,1.1319785
2016-11-27 11:04:00,0.72843945
2016-11-27 11:05:00,0.7190211
2016-11-27 11:06:00,0.72073954
2016-11-27 11:07:00,0.7187086
2016-11-27 11:08:00,0.78695226
2016-11-27 11:09:00,0.79452384
2016-11-27 11:10:00,1.8960484
2016-11-27 11:11:00,1.6862397
2016-11-27 11:12:00,0.7937487
2016-11-27 11:13:00,0.7879592
2016-11-27 11:14:00,0.7867438
2016-11-27 11:15:00,0.78605366
2016-11-27 11:16:00,0.78585875
2016-11-27 11:17:00,0.785487
2016-11-27 11:18:00,0.7836182
2016-11-27 11:19:00,0.7831513
2016-11-27 11:20:00,0.78598905
2016-11-27 11:21:00,0.78987825
2016-11-27 11:22:00,0.78393286
2016-11-27 11:23:00,0.7850939
2016-11-27 11:24:00,0.78333414
2016-11-27 11:25:00,0.7819005
2016-11-27 11:26:00,0.78321165
2016-11-27 11:27:00,0.78267765
2016-11-27 11:28:00,0.7808888
2016-11-27 11:29:00,0.78198147
2016-11-27 11:30:00,0.7796923
2016-11-27 11:31:00,0.7199903
2016-11-27 11:32:00,0.7189808
2016-11-27 11:33:00,0.71858263
2016-11-27 11:34:00,0.7191859
2016-11-27 11:35:00,0.7190253
2016-11-27 11:36:00,0.89617866
2016-11-27 11:37:00,1.1908467
2016-11-27 11:38:00,1.189769
2016-11-27 11:39:00,1.1840181
2016-11-27 11:40:00,1.1875668
2016-11-27 11:41:00,1.0909896
2016-11-27 11:42:00,0.7273904
2016-11-27 11:43:00,0.71943915
2016-11-27 11:44:00,0.7209739
2016-11-27 11:45:00,0.71928394
2016-11-27 11:46:00,0.72042096
2016-11-27 11:47:00,0.79226094
2016-11-27 11:48:00,1.9267007
2016-11-27 11:49:00,1.9105808
2016-11-27 11:50:00,1.1516371
2016-11-27 11:51:00,0.7258054
2016-11-27 11:52:00,0.72268957
2016-11-27 11:53:00,0.7684382
2016-11-27 11:54:00,0.8007251
2016-11-27 11:55:00,0.79633117
2016-11-27 11:56:00,0.78972316
2016-11-27 11:57:00,0.7895447
2016-11-27 11:58:00,0.79110473
2016-11-27 11:59:00,0.7981562
2016-11-27 12:00:00,0.7951592
2016-11-27 12:01:00,0.79841936
2016-11-27 12:02:00,0.79741967
2016-11-27 12:03:00,0.79746073
2016-11-27 12:04:00,0.7977127
2016-11-27 12:05:00,0.7956411
2016-11-27 12:06:00,0.7977886
2016-11-27 12:07:00,0.798036
2016-11-27 12:08:00,0.8043133
2016-11-27 12:09:00,0.7994012
2016-11-27 12:10:00,0.7984849
2016-11-27 12:11:00,0.7887046
2016-11-27 12:12:00,0.78669417
2016-11-27 12:13:00,0.7860877
2016-11-27 12:14:00,0.7873362
2016-11-27 12:15:00,0.7549434
2016-11-27 12:16:00,0.6913916
2016-11-27 12:17:00,0.6747309
2016-11-27 12:18:00,0.67344815
2016-11-27 12:19:00,0.67342556
2016-11-27 12:20:00,0.6727147
2016-11-27 12:21:00,0.67500323
2016-11-27 12:22:00,0.6320253
2016-11-27 12:23:00,0.59779847
2016-11-27 12:24:00,0.59618354
2016-11-27 12:25:00,0.59734094
2016-11-27 12:26:00,0.59632677
2016-11-27 12:27:00,0.59652245
2016-11-27 12:28:00,0.59591687
2016-11-27 12:29:00,0.5966206
2016-11-27 12:30:00,0.59716886
2016-11-27 12:31:00,0.5968276
2016-11-27 12:32:00,0.59748363
2016-11-27 12:33:00,0.59672105
2016-11-27 12:34:00,0.5968013
2016-11-27 12:35:00,0.5972176
2016-11-27 12:36:00,0.5978987
2016-11-27 12:37:00,0.5965231
2016-11-27 12:38:00,0.5947074
2016-11-27 12:39:00,0.5963388
2016-11-27 12:40:00,0.59637094
2016-11-27 12:41:00,0.5946598
2016-11-27 12:42:00,0.59543014
2016-11-27 12:43:00,0.5938608
2016-11-27 12:44:00,0.59608036
2016-11-27 12:45:00,0.59806633
2016-11-27 12:46:00,0.5975839
2016-11-27 12:47:00,0.5955194
2016-11-27 12:48:00,0.5969702
2016-11-27 12:49:00,0.5966047
2016-11-27 12:50:00,0.61069024
2016-11-27 12:51:00,0.6113751
2016-11-27 12:52:00,0.69675654
2016-11-27 12:53:00,0.69045955
2016-11-27 12:54:00,0.687678
2016-11-27 12:55:00,0.6860567
2016-11-27 12:56:00,0.6839118
2016-11-27 12:57:00,0.6764176
2016-11-27 12:58:00,0.67694765
2016-11-27 12:59:00,0.676794
2016-11-27 13:00:00,0.6789804
2016-11-27 13:01:00,1.1867929
2016-11-27 13:02:00,0.93566155
2016-11-27 13:03:00,0.6792196
2016-11-27 13:04:00,0.6895021
2016-11-27 13:05:00,0.6855991
2016-11-27 13:06:00,0.68081605
2016-11-27 13:07:00,0.6781577
2016-11-27 13:08:00,0.6795472
2016-11-27 13:09:00,0.6735228
2016-11-27 13:10:00,0.6852322
2016-11-27 13:11:00,0.6808099
2016-11-27 13:12:00,0.91670793
2016-11-27 13:13:00,0.68199134
2016-11-27 13:14:00,0.6833277
2016-11-27 13:15:00,0.6842426
2016-11-27 13:16:00,0.6867998
2016-11-27 13:17:00,0.68272674
2016-11-27 13:18:00,0.68400586
2016-11-27 13:19:00,0.6808174
2016-11-27 13:20:00,0.6816853
2016-11-27 13:21:00,0.6830188
2016-11-27 13:22:00,0.684083
2016-11-27 13:23:00,0.72816783
2016-11-27 13:24:00,0.8424983
2016-11-27 13:25:00,0.85532755
2016-11-27 13:26:00,0.8337204
2016-11-27 13:27:00,0.83818436
2016-11-27 13:28:00,0.8390899
2016-11-27 13:29:00,0.8826594
2016-11-27 13:30:00,0.8383169
2016-11-27 13:31:00,0.85043675
2016-11-27 13:32:00,0.8479975
2016-11-27 13:33:00,0.8469287
2016-11-27 13:34:00,0.8455726
2016-11-27 13:35:00,0.8395815
2016-11-27 13:36:00,0.84527594
2016-11-27 13:37:00,1.0117543
2016-11-27 13:38:00,1.730157
2016-11-27 13:39:00,1.7311152
2016-11-27 13:40:00,1.734791
2016-11-27 13:41:00,1.7359297
2016-11-27 13:42:00,1.4062853
2016-11-27 13:43:00,1.3787873
2016-11-27 13:44:00,1.6950947
2016-11-27 13:45:00,1.6900843
2016-11-27 13:46:00,1.6859223
2016-11-27 13:47:00,1.6828742
2016-11-27 13:48:00,1.6830702
2016-11-27 13:49:00,1.6817365
2016-11-27 13:50:00,1.6781665
2016-11-27 13:51:00,1.6012281
2016-11-27 13:52:00,1.3459432
2016-11-27 13:53:00,1.308507
2016-11-27 13:54:00,1.6158152
2016-11-27 13:55:00,1.64144
2016-11-27 13:56:00,1.6463262
2016-11-27 13:57:00,1.5659105
2016-11-27 13:58:00,1.5233732
2016-11-27 13:59:00,1.5262955
2016-11-27 14:00:00,1.5262874
2016-11-27 14:01:00,1.5172483
2016-11-27 14:02:00,1.2098033
2016-11-27 14:03:00,0.63648105
2016-11-27 14:04:00,0.6499883
2016-11-27 14:05:00,0.67587364
2016-11-27 14:06:00,0.68206245
2016-11-27 14:07:00,0.6805949
2016-11-27 14:08:00,0.6804626
2016-11-27 14:09:00,0.6791467
2016-11-27 14:10:00,0.6771669
2016-11-27 14:11:00,0.67881763
2016-11-27 14:12:00,0.667354
2016-11-27 14:13:00,0.6428845
2016-11-27 14:14:00,0.6559677
2016-11-27 14:15:00,0.67852664
2016-11-27 14:16:00,0.6789806
2016-11-27 14:17:00,0.6787573
2016-11-27 14:18:00,0.6808794
2016-11-27 14:19:00,0.6821443
2016-11-27 14:20:00,0.6805979
2016-11-27 14:21:00,1.1217567
2016-11-27 14:22:00,1.2651353
2016-11-27 14:23:00,0.7157907
2016-11-27 14:24:00,0.7259369
2016-11-27 14:25:00,0.7303697
2016-11-27 14:26:00,0.7508204
2016-11-27 14:27:00,0.7508069
2016-11-27 14:28:00,0.75050426
2016-11-27 14:29:00,0.7363801
2016-11-27 14:30:00,0.7269707
2016-11-27 14:31:00,0.7356362
2016-11-27 14:32:00,0.7465927
2016-11-27 14:33:00,0.75292957
2016-11-27 14:34:00,0.74830806
2016-11-27 14:35:00,0.7500076
2016-11-27 14:36:00,0.74370044
2016-11-27 14:37:00,0.72950786
2016-11-27 14:38:00,0.7103435
2016-11-27 14:39:00,0.716301
2016-11-27 14:40:00,0.7145601
2016-11-27 14:41:00,0.71418846
2016-11-27 14:42:00,0.7130084
2016-11-27 14:43:00,0.7203285
2016-11-27 14:44:00,1.0719795
2016-11-27 14:45:00,1.5703913
2016-11-27 14:46:00,1.2592409
2016-11-27 14:47:00,1.561464
2016-11-27 14:48:00,1.568374
2016-11-27 14:49:00,1.0495156
2016-11-27 14:50:00,0.712919
2016-11-27 14:51:00,0.7139401
2016-11-27 14:52:00,1.06273
2016-11-27 14:53:00,1.5743272
2016-11-27 14:54:00,1.5497203
2016-11-27 14:55:00,1.5461591
2016-11-27 14:56:00,1.5486022
2016-11-27 14:57:00,1.5429872
2016-11-27 14:58:00,1.5406524
2016-11-27 14:59:00,1.5377553
2016-11-27 15:00:00,1.5347947
2016-11-27 15:01:00,1.5359482
2016-11-27 15:02:00,1.5338196
2016-11-27 15:03:00,1.5292202
2016-11-27 15:04:00,1.5288789
2016-11-27 15:05:00,1.5287607
2016-11-27 15:06:00,1.5244464
2016-11-27 15:07:00,1.5261487
2016-11-27 15:08:00,1.523928
2016-11-27 15:09:00,2.6829705
2016-11-27 15:10:00,2.270596
2016-11-27 15:11:00,2.809279
2016-11-27 15:12:00,2.3439183
2016-11-27 15:13:00,1.5607389
2016-11-27 15:14:00,0.6940858
2016-11-27 15:15:00,0.67764145
2016-11-27 15:16:00,0.6684349
2016-11-27 15:17:00,0.6682701
2016-11-27 15:18:00,0.6665789
2016-11-27 15:19:00,0.70697004
2016-11-27 15:20:00,0.73953927
2016-11-27 15:21:00,0.7391423
2016-11-27 15:22:00,0.7388071
2016-11-27 15:23:00,0.7322861
2016-11-27 15:24:00,0.7305317
2016-11-27 15:25:00,0.7293478
2016-11-27 15:26:00,0.7259431
2016-11-27 15:27:00,0.725351
2016-11-27 15:28:00,0.72049826
2016-11-27 15:29:00,0.7219613
2016-11-27 15:30:00,0.7231845
2016-11-27 15:31:00,0.7227804
2016-11-27 15:32:00,0.720927
2016-11-27 15:33:00,0.7197478
2016-11-27 15:34:00,0.7198407
2016-11-27 15:35:00,0.71961665
2016-11-27 15:36:00,0.7199612
2016-11-27 15:37:00,0.7280299
2016-11-27 15:38:00,0.7268996
2016-11-27 15:39:00,0.7234855
2016-11-27 15:40:00,0.7223408
2016-11-27 15:41:00,0.7229979
2016-11-27 15:42:00,0.72563386
2016-11-27 15:43:00,0.72887903
2016-11-27 15:44:00,0.724131
2016-11-27 15:45:00,0.7290817
2016-11-27 15:46:00,0.7267232
2016-11-27 15:47:00,0.7100272
2016-11-27 15:48:00,0.655948
2016-11-27 15:49:00,0.6551796
2016-11-27 15:50:00,0.6559319
2016-11-27 15:51:00,0.6563251
2016-11-27 15:52:00,0.6498133
2016-11-27 15:53:00,0.6460727
2016-11-27 15:54:00,0.6593858
2016-11-27 15:55:00,0.7604863
2016-11-27 15:56:00,0.7608213
2016-11-27 15:57:00,0.76127625
2016-11-27 15:58:00,0.76098484
2016-11-27 15:59:00,0.76064837
2016-11-27 16:00:00,0.7580503
2016-11-27 16:01:00,0.73836315
2016-11-27 16:02:00,0.7362773
2016-11-27 16:03:00,0.73610926
2016-11-27 16:04:00,0.7364103
2016-11-27 16:05:00,0.7357522
2016-11-27 16:06:00,0.7362981
2016-11-27 16:07:00,0.7373973
2016-11-27 16:08:00,0.7349672
2016-11-27 16:09:00,0.73520947
2016-11-27 16:10:00,0.73483205
2016-11-27 16:11:00,0.735975
2016-11-27 16:12:00,0.7333877
2016-11-27 16:13:00,0.73377514
2016-11-27 16:14:00,0.7789402
2016-11-27 16:15:00,0.8121213
2016-11-27 16:16:00,0.81510425
2016-11-27 16:17:00,0.80772537
2016-11-27 16:18:00,0.8044554
2016-11-27 16:19:00,0.8023971
2016-11-27 16:20:00,0.8013646
2016-11-27 16:21:00,0.8046594
2016-11-27 16:22:00,0.8064257
2016-11-27 16:23:00,0.80351424
2016-11-27 16:24:00,0.8079653
2016-11-27 16:25:00,0.8096738
2016-11-27 16:26:00,0.80879086
2016-11-27 16:27:00,0.80812526
2016-11-27 16:28:00,0.80727196
2016-11-27 16:29:00,0.8098449
2016-11-27 16:30:00,0.8104373
2016-11-27 16:31:00,0.8088925
2016-11-27 16:32:00,0.8087151
2016-11-27 16:33:00,0.8061456
2016-11-27 16:34:00,0.80499136
2016-11-27 16:35:00,0.8031648
2016-11-27 16:36:00,0.8039119
2016-11-27 16:37:00,0.80328053
2016-11-27 16:38:00,0.8010865
2016-11-27 16:39:00,0.80121195
2016-11-27 16:40:00,0.8016323
2016-11-27 16:41:00,0.7880131
2016-11-27 16:42:00,0.7342768
2016-11-27 16:43:00,0.73482245
2016-11-27 16:44:00,0.7343456
2016-11-27 16:45:00,0.73336196
2016-11-27 16:46:00,0.7349006
2016-11-27 16:47:00,0.734509
2016-11-27 16:48:00,0.73511636
2016-11-27 16:49:00,0.7338981
2016-11-27 16:50:00,0.74193573
2016-11-27 16:51:00,0.743748
2016-11-27 16:52:00,0.7472811
2016-11-27 16:53:00,0.7515629
2016-11-27 16:54:00,0.75010574
2016-11-27 16:55:00,0.7504289
2016-11-27 16:56:00,0.7499505
2016-11-27 16:57:00,0.749705
2016-11-27 16:58:00,0.7496098
2016-11-27 16:59:00,0.7506771
2016-11-27 17:00:00,0.74804264
2016-11-27 17:01:00,0.7484466
2016-11-27 17:02:00,0.7492416
2016-11-27 17:03:00,0.7485436
2016-11-27 17:04:00,0.74869347
2016-11-27 17:05:00,0.7480986
2016-11-27 17:06:00,0.7419727
2016-11-27 17:07:00,0.7433334
2016-11-27 17:08:00,0.7381148
2016-11-27 17:09:00,0.7369528
2016-11-27 17:10:00,0.8868687
2016-11-27 17:11:00,1.2368792
2016-11-27 17:12:00,1.235051
2016-11-27 17:13:00,1.2316995
2016-11-27 17:14:00,1.0027018
2016-11-27 17:15:00,0.8286906
2016-11-27 17:16:00,1.5781704
2016-11-27 17:17:00,2.1484952
2016-11-27 17:18:00,1.9097413
2016-11-27 17:19:00,0.7402066
2016-11-27 17:20:00,1.014942
2016-11-27 17:21:00,1.0911484
2016-11-27 17:22:00,1.2309412
2016-11-27 17:23:00,1.5085632
2016-11-27 17:24:00,2.065319
2016-11-27 17:25:00,1.0889131
2016-11-27 17:26:00,1.2313542
2016-11-27 17:27:00,0.8560035
2016-11-27 17:28:00,0.85476464
2016-11-27 17:29:00,0.8906756
2016-11-27 17:30:00,1.0904946
2016-11-27 17:31:00,1.1278398
2016-11-27 17:32:00,0.8866037
2016-11-27 17:33:00,0.9062203
2016-11-27 17:34:00,1.1727121
2016-11-27 17:35:00,1.2010977
2016-11-27 17:36:00,0.8106291
2016-11-27 17:37:00,0.8132293
2016-11-27 17:38:00,0.9622005
2016-11-27 17:39:00,2.0420709
2016-11-27 17:40:00,1.167864
2016-11-27 17:41:00,0.81416136
2016-11-27 17:42:00,0.82246286
2016-11-27 17:43:00,0.82151985
2016-11-27 17:44:00,0.8223635
2016-11-27 17:45:00,0.8209717
2016-11-27 17:46:00,0.8186236
2016-11-27 17:47:00,0.8219572
2016-11-27 17:48:00,0.82207054
2016-11-27 17:49:00,0.8219353
2016-11-27 17:50:00,0.8215519
2016-11-27 17:51:00,0.8213312
2016-11-27 17:52:00,0.82275563
2016-11-27 17:53:00,0.819885
2016-11-27 17:54:00,0.81931406
2016-11-27 17:55:00,0.8201462
2016-11-27 17:56:00,0.81920743
2016-11-27 17:57:00,0.8197125
2016-11-27 17:58:00,0.8189575
2016-11-27 17:59:00,0.81926006
2016-11-27 18:00:00,0.8186347
2016-11-27 18:01:00,0.8188805
2016-11-27 18:02:00,0.8195315
2016-11-27 18:03:00,0.81913114
2016-11-27 18:04:00,0.82065
2016-11-27 18:05:00,0.8185112
2016-11-27 18:06:00,0.8264022
2016-11-27 18:07:00,0.834979
2016-11-27 18:08:00,0.84067446
2016-11-27 18:09:00,0.8442453
2016-11-27 18:10:00,0.8439047
2016-11-27 18:11:00,0.8430514
2016-11-27 18:12:00,0.8448637
2016-11-27 18:13:00,0.84313166
2016-11-27 18:14:00,0.84391904
2016-11-27 18:15:00,0.8435432
2016-11-27 18:16:00,0.8437723
2016-11-27 18:17:00,0.84292626
2016-11-27 18:18:00,0.839804
2016-11-27 18:19:00,0.83383715
2016-11-27 18:20:00,0.8256758
2016-11-27 18:21:00,0.8257975
2016-11-27 18:22:00,0.8575341
2016-11-27 18:23:00,0.8277328
2016-11-27 18:24:00,0.82248724
2016-11-27 18:25:00,0.8234729
2016-11-27 18:26:00,1.1732181
2016-11-27 18:27:00,1.2512296
2016-11-27 18:28:00,1.2504593
2016-11-27 18:29:00,1.2742592
2016-11-27 18:30:00,0.9504553
2016-11-27 18:31:00,0.8229879
2016-11-27 18:32:00,0.8218725
2016-11-27 18:33:00,0.8247037
2016-11-27 18:34:00,0.8286389
2016-11-27 18:35:00,0.82788664
2016-11-27 18:36:00,0.8264476
2016-11-27 18:37:00,0.82708466
2016-11-27 18:38:00,0.8278107
2016-11-27 18:39:00,0.82533205
2016-11-27 18:40:00,0.826456
2016-11-27 18:41:00,0.82517433
2016-11-27 18:42:00,0.82576114
2016-11-27 18:43:00,0.83650786
2016-11-27 18:44:00,0.82477003
2016-11-27 18:45:00,0.82420564
2016-11-27 18:46:00,0.83087975
2016-11-27 18:47:00,0.8371817
2016-11-27 18:48:00,0.84021175
2016-11-27 18:49:00,0.83802927
2016-11-27 18:50:00,0.8335192
2016-11-27 18:51:00,0.82913035
2016-11-27 18:52:00,0.8255024
2016-11-27 18:53:00,0.8683572
2016-11-27 18:54:00,0.9229755
2016-11-27 18:55:00,0.91732347
2016-11-27 18:56:00,0.8290779
2016-11-27 18:57:00,0.8310874
2016-11-27 18:58:00,0.8219999
2016-11-27 18:59:00,0.82285196
2016-11-27 19:00:00,0.82367766
2016-11-27 19:01:00,0.8221425
2016-11-27 19:02:00,0.8246627
2016-11-27 19:03:00,0.8647259
2016-11-27 19:04:00,0.86736333
2016-11-27 19:05:00,0.8491825
2016-11-27 19:06:00,0.84407365
2016-11-27 19:07:00,0.8443333
2016-11-27 19:08:00,0.8505937
2016-11-27 19:09:00,0.85327816
2016-11-27 19:10:00,0.836971
2016-11-27 19:11:00,0.83813494
2016-11-27 19:12:00,0.83170736
2016-11-27 19:13:00,0.83156693
2016-11-27 19:14:00,0.8299654
2016-11-27 19:15:00,0.82802945
2016-11-27 19:16:00,0.78825796
2016-11-27 19:17:00,1.570033
2016-11-27 19:18:00,1.6143385
2016-11-27 19:19:00,1.6197976
2016-11-27 19:20:00,1.6321546
2016-11-27 19:21:00,1.5459124
2016-11-27 19:22:00,1.3212146
2016-11-27 19:23:00,1.4120874
2016-11-27 19:24:00,1.643694
2016-11-27 19:25:00,1.6429725
2016-11-27 19:26:00,1.6401887
2016-11-27 19:27:00,1.6436409
2016-11-27 19:28:00,1.6417816
2016-11-27 19:29:00,1.642658
2016-11-27 19:30:00,1.6340085
2016-11-27 19:31:00,1.547051
2016-11-27 19:32:00,1.2962992
2016-11-27 19:33:00,1.3654225
2016-11-27 19:34:00,1.6176745
2016-11-27 19:35:00,1.6649879
2016-11-27 19:36:00,1.6373914
2016-11-27 19:37:00,1.6239256
2016-11-27 19:38:00,1.6241311
2016-11-27 19:39:00,1.6239753
2016-11-27 19:40:00,1.6187643
2016-11-27 19:41:00,1.5712742
2016-11-27 19:42:00,0.7632259
2016-11-27 19:43:00,0.7672705
2016-11-27 19:44:00,0.78502154
2016-11-27 19:45:00,0.7383822
2016-11-27 19:46:00,0.73951066
2016-11-27 19:47:00,0.73932034
2016-11-27 19:48:00,0.740073
2016-11-27 19:49:00,0.7371627
2016-11-27 19:50:00,0.7807966
2016-11-27 19:51:00,0.92400336
2016-11-27 19:52:00,0.954656
2016-11-27 19:53:00,0.95369095
2016-11-27 19:54:00,2.1784399
2016-11-27 19:55:00,2.5333834
2016-11-27 19:56:00,2.5231233
2016-11-27 19:57:00,2.5162334
2016-11-27 19:58:00,1.4646775
2016-11-27 19:59:00,1.3604484
2016-11-27 20:00:00,1.3588874
2016-11-27 20:01:00,1.3545954
2016-11-27 20:02:00,1.3183365
2016-11-27 20:03:00,1.3212376
2016-11-27 20:04:00,1.3226287
2016-11-27 20:05:00,1.3441732
2016-11-27 20:06:00,1.3449087
2016-11-27 20:07:00,1.3483704
2016-11-27 20:08:00,1.338688
2016-11-27 20:09:00,1.322508
2016-11-27 20:10:00,1.221342
2016-11-27 20:11:00,1.2171216
2016-11-27 20:12:00,1.2214404
2016-11-27 20:13:00,1.2209928
2016-11-27 20:14:00,1.2257451
2016-11-27 20:15:00,1.2237768
2016-11-27 20:16:00,1.0862467
2016-11-27 20:17:00,0.82962555
2016-11-27 20:18:00,0.72315365
2016-11-27 20:19:00,0.72482044
2016-11-27 20:20:00,0.7244397
2016-11-27 20:21:00,0.7234529
2016-11-27 20:22:00,0.71351075
2016-11-27 20:23:00,0.7791613
2016-11-27 20:24:00,1.456928
2016-11-27 20:25:00,1.2108783
2016-11-27 20:26:00,1.440797
2016-11-27 20:27:00,1.453224
2016-11-27 20:28:00,1.1485469
2016-11-27 20:29:00,0.62509155
2016-11-27 20:30:00,0.71799934
2016-11-27 20:31:00,1.026998
2016-11-27 20:32:00,1.651787
2016-11-27 20:33:00,1.6115584
2016-11-27 20:34:00,1.6150056
2016-11-27 20:35:00,1.6198231
2016-11-27 20:36:00,1.6187122
2016-11-27 20:37:00,1.6199241
2016-11-27 20:38:00,1.6846744
2016-11-27 20:39:00,1.6161631
2016-11-27 20:40:00,1.6240271
2016-11-27 20:41:00,1.629481
2016-11-27 20:42:00,1.6270112
2016-11-27 20:43:00,1.6261678
2016-11-27 20:44:00,1.6171504
2016-11-27 20:45:00,1.6136919
2016-11-27 20:46:00,1.624439
2016-11-27 20:47:00,1.6177329
2016-11-27 20:48:00,1.6096178
2016-11-27 20:49:00,1.5981721
2016-11-27 20:50:00,1.597072
2016-11-27 20:51:00,0.9504087
2016-11-27 20:52:00,0.7152949
2016-11-27 20:53:00,0.7111623
2016-11-27 20:54:00,0.7079561
2016-11-27 20:55:00,0.7061515
2016-11-27 20:56:00,0.70561105
2016-11-27 20:57:00,0.70790374
2016-11-27 20:58:00,0.7067425
2016-11-27 20:59:00,0.70646745
2016-11-27 21:00:00,0.7120236
2016-11-27 21:01:00,0.71246576
2016-11-27 21:02:00,0.7118439
2016-11-27 21:03:00,0.71049047
2016-11-27 21:04:00,0.7136264
2016-11-27 21:05:00,0.7120222
2016-11-27 21:06:00,0.710451
2016-11-27 21:07:00,0.7105818
2016-11-27 21:08:00,0.70936733
2016-11-27 21:09:00,0.7019508
2016-11-27 21:10:00,0.7020565
2016-11-27 21:11:00,0.7019259
2016-11-27 21:12:00,0.70903164
2016-11-27 21:13:00,0.6985527
2016-11-27 21:14:00,0.70034134
2016-11-27 21:15:00,0.70127285
2016-11-27 21:16:00,0.7003913
2016-11-27 21:17:00,0.7006905
2016-11-27 21:18:00,0.70266026
2016-11-27 21:19:00,0.70235115
2016-11-27 21:20:00,0.7100653
2016-11-27 21:21:00,0.70926607
2016-11-27 21:22:00,0.7109462
2016-11-27 21:23:00,0.7116984
2016-11-27 21:24:00,0.7105193
2016-11-27 21:25:00,0.7110296
2016-11-27 21:26:00,0.71073306
2016-11-27 21:27:00,0.709228
2016-11-27 21:28:00,0.71082544
2016-11-27 21:29:00,0.7122448
2016-11-27 21:30:00,0.707805
2016-11-27 21:31:00,0.7076891
2016-11-27 21:32:00,0.71579945
2016-11-27 21:33:00,0.75245243
2016-11-27 21:34:00,0.7523782
2016-11-27 21:35:00,0.7460778
2016-11-27 21:36:00,0.74663675
2016-11-27 21:37:00,0.747846
2016-11-27 21:38:00,0.7479489
2016-11-27 21:39:00,0.74601805
2016-11-27 21:40:00,0.7476586
2016-11-27 21:41:00,0.74640465
2016-11-27 21:42:00,0.7470561
2016-11-27 21:43:00,0.7057039
2016-11-27 21:44:00,0.705748
2016-11-27 21:45:00,0.7101685
2016-11-27 21:46:00,0.71018124
2016-11-27 21:47:00,0.7092281
2016-11-27 21:48:00,0.7086964
2016-11-27 21:49:00,0.70899504
2016-11-27 21:50:00,0.70915616
2016-11-27 21:51:00,0.70918393
2016-11-27 21:52:00,0.7101063
2016-11-27 21:53:00,0.70881784
2016-11-27 21:54:00,0.7080168
2016-11-27 21:55:00,0.7091948
2016-11-27 21:56:00,0.7093842
2016-11-27 21:57:00,0.70894223
2016-11-27 21:58:00,0.7070608
2016-11-27 21:59:00,0.71261334
2016-11-27 22:00:00,0.71569264
2016-11-27 22:01:00,0.7142209
2016-11-27 22:02:00,0.7126509
2016-11-27 22:03:00,0.71331036
2016-11-27 22:04:00,0.7126471
2016-11-27 22:05:00,0.712024
2016-11-27 22:06:00,0.71226376
2016-11-27 22:07:00,0.711501
2016-11-27 22:08:00,0.7133571
2016-11-27 22:09:00,0.7122394
2016-11-27 22:10:00,0.7108281
2016-11-27 22:11:00,0.70776415
2016-11-27 22:12:00,0.70412195
2016-11-27 22:13:00,0.7021888
2016-11-27 22:14:00,0.70304847
2016-11-27 22:15:00,0.7037879
2016-11-27 22:16:00,0.70373976
2016-11-27 22:17:00,0.7038963
2016-11-27 22:18:00,0.7035165
2016-11-27 22:19:00,0.7029511
2016-11-27 22:20:00,0.7025169
2016-11-27 22:21:00,0.7039219
2016-11-27 22:22:00,0.7021542
2016-11-27 22:23:00,0.70214653
2016-11-27 22:24:00,0.7008627
2016-11-27 22:25:00,0.7015359
2016-11-27 22:26:00,0.37232232
2016-11-27 22:27:00,0.27292317
2016-11-27 22:28:00,0.2703815
2016-11-27 22:29:00,0.2697209
2016-11-27 22:30:00,0.27367684
2016-11-27 22:31:00,0.2718682
2016-11-27 22:32:00,0.28128672
2016-11-27 22:33:00,0.32102418
2016-11-27 22:34:00,0.31863654
2016-11-27 22:35:00,0.27960488
2016-11-27 22:36:00,0.28442913
2016-11-27 22:37:00,0.2887046
2016-11-27 22:38:00,0.29004988
2016-11-27 22:39:00,0.28230888
2016-11-27 22:40:00,0.2798693
2016-11-27 22:41:00,0.28327775
2016-11-27 22:42:00,0.28232837
2016-11-27 22:43:00,0.27260086
2016-11-27 22:44:00,0.2714529
2016-11-27 22:45:00,0.27132645
2016-11-27 22:46:00,0.27148885
2016-11-27 22:47:00,0.2718187
2016-11-27 22:48:00,0.271035
2016-11-27 22:49:00,0.27140534
2016-11-27 22:50:00,0.26803207
2016-11-27 22:51:00,0.26940352
2016-11-27 22:52:00,0.274061
2016-11-27 22:53:00,0.27400336
2016-11-27 22:54:00,0.26677915
2016-11-27 22:55:00,0.26586294
2016-11-27 22:56:00,0.26866055
2016-11-27 22:57:00,0.26920345
2016-11-27 22:58:00,0.28174955
2016-11-27 22:59:00,0.31720698
2016-11-27 23:00:00,0.3211596
2016-11-27 23:01:00,0.32559383
2016-11-27 23:02:00,0.30761427
2016-11-27 23:03:00,0.24106246
2016-11-27 23:04:00,0.24330404
2016-11-27 23:05:00,0.24007465
2016-11-27 23:06:00,0.23902875
2016-11-27 23:07:00,0.24374023
2016-11-27 23:08:00,0.24550661
2016-11-27 23:09:00,0.23928508
2016-11-27 23:10:00,0.23562828
2016-11-27 23:11:00,0.3156711
2016-11-27 23:12:00,0.32018024
2016-11-27 23:13:00,0.32157367
2016-11-27 23:14:00,0.31209219
2016-11-27 23:15:00,0.31313777
2016-11-27 23:16:00,0.30724174
2016-11-27 23:17:00,0.27477908
2016-11-27 23:18:00,0.5652634
2016-11-27 23:19:00,0.7676822
2016-11-27 23:20:00,0.7807685
2016-11-27 23:21:00,0.7657411
2016-11-27 23:22:00,0.5626395
2016-11-27 23:23:00,0.25784728
2016-11-27 23:24:00,0.26567698
2016-11-27 23:25:00,0.26055372
2016-11-27 23:26:00,0.22377795
2016-11-27 23:27:00,0.20373492
2016-11-27 23:28:00,0.20565811
2016-11-27 23:29:00,0.19087619
2016-11-27 23:30:00,0.18223709
2016-11-27 23:31:00,0.1812768
2016-11-27 23:32:00,0.18263549
2016-11-27 23:33:00,0.18140584
2016-11-27 23:34:00,0.18220228
2016-11-27 23:35:00,0.18119669
2016-11-27 23:36:00,0.18132663
2016-11-27 23:37:00,0.18262893
2016-11-27 23:38:00,0.18382889
2016-11-27 23:39:00,0.17939532
2016-11-27 23:40:00,0.17888632
2016-11-27 23:41:00,0.17843601
2016-11-27 23:42:00,0.17901063
2016-11-27 23:43:00,0.18436345
2016-11-27 23:44:00,0.18205923
2016-11-27 23:45:00,0.17891914
2016-11-27 23:46:00,0.17841038
2016-11-27 23:47:00,0.17949763
2016-11-27 23:48:00,0.1784513
2016-11-27 23:49:00,0.17871279
2016-11-27 23:50:00,0.17812678
2016-11-27 23:51:00,0.17855692
2016-11-27 23:52:00,0.18350744
2016-11-27 23:53:00,0.18500638
2016-11-27 23:54:00,0.18186682
2016-11-27 23:55:00,0.18023211
2016-11-27 23:56:00,0.26815778
2016-11-27 23:57:00,0.26486695
2016-11-27 23:58:00,0.270829
2016-11-27 23:59:00,0.2694413
